ID,number,author,year,study,country,continent,longitude,latitude,MAT,MAP,BD,SOC,OC_Fe,TP,pH,depth,duration,crop,irrigation,conditions,methods,CO2,CO2_magnitude,Temp,Temp_magnitude,AP.ck,AP.csd,AP.cn,AP.t,AP.tsd,AP.tn,rrAP,varAP,TP.ck,TP.csd,TP.cn,TP.t,TP.tsd,TP.tn,rrTP,varTP,phosphatase.ck,phosphatase.csd,phosphatase.cn,phosphatase.t,phosphatase.tsd,phosphatase.tn,rrphosphatase,varphosphatase,MBP.ck,MBP.csd,MBP.cn,MBP.t,MBP.tsd,MBP.tn,rrMBP,varMBP,AMF.ck,AMF.csd,AMF.cn,AMF.t,AMF.tsd,AMF.tn,rrAMF,varAMF,shoots_P_uptake.ck,shoots_P_uptake.csd,shoots_P_uptake.cn,shoots_P_uptake.t,shoots_P_uptake.tsd,shoots_P_uptake.tn,rrshoots_P_uptake,varshoots_P_uptake,roots_P_uptake.ck,roots_P_uptake.csd,roots_P_uptake.cn,roots_P_uptake.t,roots_P_uptake.tsd,roots_P_uptake.tn,rrroots_P_uptake,varroots_P_uptake,biomass.ck,biomass.csd,biomass.cn,biomass.t,biomass.tsd,biomass.tn,rrbiomass,varbiomass,yield.ck,yield.csd,yield.cn,yield.t,yield.tsd,yield.tn,rryield,varyield
1,1,Wang,2023,1,China,Asia,120.55,31.5,16,1150,1.2,19.2,3.302080433,0.9,7,0-15,1,wheat,rainfed,CO2,FACE,1,100,0,0,37.1,1.1,3,43.9,5.7,3,0.16829735,0.005912555,,,,,,,,,,,,,,,,,,,,,,,,,,,,,,,,,4.83051,0.432205,3,3.55932,0.483055,3,-0.305382537,0.0088081,6.10169,0.915255,3,7.98305,1.754235,3,0.268754762,0.023595974,,,,,,,,,324.074,40.741,3,422.222,25.926,3,0.264559357,0.006524902
2,1,Wang,2023,1,China,Asia,120.55,31.5,16,1150,1.2,19.2,3.302080433,0.9,7,0-15,1,wheat,rainfed,Temp,FACE,0,0,1,2,37.1,1.1,3,38.2,5.4,3,0.029218546,0.006954034,,,,,,,,,,,,,,,,,,,,,,,,,,,,,,,,,4.83051,0.432205,3,4.9322,0.457625,3,0.020833084,0.005538102,6.10169,0.915255,3,9.91525,1.474585,3,0.485508194,0.014872461,,,,,,,,,324.074,40.741,3,283.333,44.445,3,-0.134349,0.013470295
3,1,Wang,2023,1,China,Asia,120.55,31.5,16,1150,1.2,19.2,3.302080433,0.9,7,0-15,1,wheat,rainfed,CO2,FACE,1,100,1,2,38.2,5.4,3,40.8,3.7,3,0.065846566,0.009402335,,,,,,,,,,,,,,,,,,,,,,,,,,,,,,,,,4.9322,0.457625,3,4.98305,0.66102,3,0.010257017,0.008735238,9.91525,1.474585,3,3.81356,0.228815,3,-0.95551084,0.008572451,,,,,,,,,283.333,44.445,3,292.593,62.963,3,0.032159681,0.023637734
4,1,Wang,2023,1,China,Asia,120.55,31.5,16,1150,1.2,19.2,3.302080433,0.9,7,0-15,1,wheat,rainfed,Temp,FACE,1,100,1,2,43.9,5.7,3,40.8,3.7,3,-0.073232239,0.008360856,,,,,,,,,,,,,,,,,,,,,,,,,,,,,,,,,3.55932,0.483055,3,4.98305,0.66102,3,0.336472638,0.012005236,7.98305,1.754235,3,3.81356,0.228815,3,-0.738757408,0.017295964,,,,,,,,,422.222,25.926,3,292.593,62.963,3,-0.366748677,0.016692341
5,2,Zhang,2014,1,China,Asia,120.55,31.5,16,1150,1.2,16,3.302080433,1.4,7,0-14,11,wheat,conventional,CO2,FACE,1,200,0,0,18.1683,4.6782,3,21.9307,5.32175,3,0.188209164,0.041729087,,,,,,,,,,,,,,,,,,,,,,,,,,,,,,,,,,,,,,,,,,,,,,,,,,,,,,,,,,,,,,,,
6,2,Zhang,2014,1,China,Asia,120.55,31.5,16,1150,1.2,16,3.302080433,1.4,7,0-14,11,wheat,conventional,Temp,FACE,0,0,1,2,18.1683,4.6782,3,19.1089,3.58915,3,0.050475878,0.033860333,,,,,,,,,,,,,,,,,,,,,,,,,,,,,,,,,,,,,,,,,,,,,,,,,,,,,,,,,,,,,,,,
7,2,Zhang,2014,1,China,Asia,120.55,31.5,16,1150,1.2,16,3.302080433,1.4,7,0-14,11,wheat,conventional,CO2,FACE,1,200,1,2,19.1089,3.58915,3,16.2871,4.70295,3,-0.159780812,0.039552324,,,,,,,,,,,,,,,,,,,,,,,,,,,,,,,,,,,,,,,,,,,,,,,,,,,,,,,,,,,,,,,,
8,2,Zhang,2014,1,China,Asia,120.55,31.5,16,1150,1.2,16,3.302080433,1.4,7,0-14,11,wheat,conventional,Temp,FACE,1,200,1,2,21.9307,5.32175,3,16.2871,4.70295,3,-0.297514098,0.047421077,,,,,,,,,,,,,,,,,,,,,,,,,,,,,,,,,,,,,,,,,,,,,,,,,,,,,,,,,,,,,,,,
9,3,Wang,2023,2,China,Asia,108.1775,34.2911,13.29479218,658.3375244,1.41,18.13,3.4447,1.4,8,0-20,1,wheat,conventional,CO2,chamber,1,400,0,0,13.47,0.19,6,13.91,0.61,6,0.032143016,0.00035368,1.41,0.05,6,1.41,0.01,6,0,0.000217964,67.1233,17.1233,6,95.2055,6.8495,6,0.349506487,0.011708852,10,0.8824,6,13.8235,1.5687,6,0.323784949,0.003444027,,,,,,,,,,,,,,,,,,,,,,,,,1.02,0.06,6,0.9,0.18,6,-0.125163143,0.007243368,,,,,,,,
10,3,Wang,2023,2,China,Asia,108.1775,34.2911,13.29479218,658.3375244,1.41,18.13,3.4447,1.4,8,0-20,1,wheat,conventional,Temp,chamber,0,0,1,4,13.47,0.19,6,14.42,0.3,6,0.068151141,0.000105298,1.41,0.05,6,1.41,0.03,6,0,0.000285029,67.1233,17.1233,6,108.904,24.658,6,0.483935534,0.019390493,10,0.8824,6,14.0196,2.1569,6,0.337871258,0.00524263,,,,,,,,,,,,,,,,,,,,,,,,,1.02,0.06,6,0.34,0.06,6,-1.098612289,0.005767013,,,,,,,,
11,3,Wang,2023,2,China,Asia,108.1775,34.2911,13.29479218,658.3375244,1.41,18.13,3.4447,1.4,8,0-20,1,wheat,conventional,CO2,chamber,1,400,1,4,14.42,0.3,6,14.84,0.26,6,0.028710106,0.000123297,1.41,0.03,6,1.39,0.04,6,-0.014285957,0.000213468,108.904,24.658,6,103.425,19.863,6,-0.051620048,0.014691648,14.0196,2.1569,6,15.098,0.6863,6,0.074105934,0.004289294,,,,,,,,,,,,,,,,,,,,,,,,,0.34,0.06,6,0.74,0.14,6,0.777704569,0.011155736,,,,,,,,
12,3,Wang,2023,2,China,Asia,108.1775,34.2911,13.29479218,658.3375244,1.41,18.13,3.4447,1.4,8,0-20,1,wheat,conventional,Temp,chamber,1,400,1,4,13.91,0.61,6,14.84,0.26,6,0.064718232,0.000371679,1.41,0.01,6,1.39,0.04,6,-0.014285957,0.000146402,95.2055,6.8495,6,103.425,19.863,6,0.082808999,0.007010007,13.8235,1.5687,6,15.098,0.6863,6,0.088192242,0.00249069,,,,,,,,,,,,,,,,,,,,,,,,,0.9,0.18,6,0.74,0.14,6,-0.195744577,0.012632092,,,,,,,,
13,4,Yu,2015,1,China,Asia,120.55,31.5,16,1150,1.21,16,3.274790512,1.4,7.01,0-14,3,wheat,rainfed,CO2,FACE,1,150,0,0,38.7209,5.7558,3,47.4419,2.9651,3,0.203126299,0.008667516,,,,,,,,,,,,,,,,,,,,,,,,,,,,,,,,,,,,,,,,,,,,,,,,,,,,,,,,,,,,,,,,
14,4,Yu,2015,1,China,Asia,120.55,31.5,16,1150,1.21,16,3.274790512,1.4,7.01,0-14,3,wheat,rainfed,Temp,FACE,0,0,1,2,38.7209,5.7558,3,34.8837,5,3,-0.104359835,0.014213606,,,,,,,,,,,,,,,,,,,,,,,,,,,,,,,,,,,,,,,,,,,,,,,,,,,,,,,,,,,,,,,,
15,4,Yu,2015,1,China,Asia,120.55,31.5,16,1150,1.21,16,3.274790512,1.4,7.01,0-14,3,wheat,rainfed,CO2,FACE,1,150,1,2,34.8837,5,3,30.814,4.65115,3,-0.124050539,0.014442728,,,,,,,,,,,,,,,,,,,,,,,,,,,,,,,,,,,,,,,,,,,,,,,,,,,,,,,,,,,,,,,,
16,4,Yu,2015,1,China,Asia,120.55,31.5,16,1150,1.21,16,3.274790512,1.4,7.01,0-14,3,wheat,rainfed,Temp,FACE,1,150,1,2,47.4419,2.9651,3,30.814,4.65115,3,-0.431536672,0.008896638,,,,,,,,,,,,,,,,,,,,,,,,,,,,,,,,,,,,,,,,,,,,,,,,,,,,,,,,,,,,,,,,
17,4,Yu,2015,1,China,Asia,120.55,31.5,16,1150,1.21,16,3.274790512,1.4,7.01,0-14,3,wheat,rainfed,CO2,FACE,1,150,0,0,39.8,4.1,3,33.1,3.85,3,-0.18433363,0.008047033,,,,,,,,,,,,,,,,,,,,,,,,,,,,,,,,,,,,,,,,,,,,,,,,,,,,,,,,,,,,,,,,
18,4,Yu,2015,1,China,Asia,120.55,31.5,16,1150,1.21,16,3.274790512,1.4,7.01,0-14,3,wheat,rainfed,Temp,FACE,0,0,1,2,39.8,4.1,3,32,2.9,3,-0.218131009,0.006274999,,,,,,,,,,,,,,,,,,,,,,,,,,,,,,,,,,,,,,,,,,,,,,,,,,,,,,,,,,,,,,,,
19,4,Yu,2015,1,China,Asia,120.55,31.5,16,1150,1.21,16,3.274790512,1.4,7.01,0-14,3,wheat,rainfed,CO2,FACE,1,150,1,2,32,2.9,3,30.6,3.15,3,-0.044735894,0.006269925,,,,,,,,,,,,,,,,,,,,,,,,,,,,,,,,,,,,,,,,,,,,,,,,,,,,,,,,,,,,,,,,
20,4,Yu,2015,1,China,Asia,120.55,31.5,16,1150,1.21,16,3.274790512,1.4,7.01,0-14,3,wheat,rainfed,Temp,FACE,1,150,1,2,33.1,3.85,3,30.6,3.15,3,-0.078533273,0.00804196,,,,,,,,,,,,,,,,,,,,,,,,,,,,,,,,,,,,,,,,,,,,,,,,,,,,,,,,,,,,,,,,
21,4,Yu,2015,1,China,Asia,120.55,31.5,16,1150,1.21,16,3.274790512,1.4,7.01,0-14,3,wheat,rainfed,CO2,FACE,1,150,0,0,40.125,4.125,3,33.375,3.875,3,-0.184192465,0.008016316,,,,,,,,,,,,,,,,,,,,,,,,,,,,,,,,,,,,,,,,,,,,,,,,,,,,,,,,,,,,,,,,
22,4,Yu,2015,1,China,Asia,120.55,31.5,16,1150,1.21,16,3.274790512,1.4,7.01,0-14,3,wheat,rainfed,Temp,FACE,0,0,1,2,40.125,4.125,3,32.25,2.9375,3,-0.218481538,0.006288378,,,,,,,,,,,,,,,,,,,,,,,,,,,,,,,,,,,,,,,,,,,,,,,,,,,,,,,,,,,,,,,,
23,4,Yu,2015,1,China,Asia,120.55,31.5,16,1150,1.21,16,3.274790512,1.4,7.01,0-14,3,wheat,rainfed,CO2,FACE,1,150,1,2,32.25,2.9375,3,30.875,3.1875,3,-0.043571248,0.006318263,,,,,,,,,,,,,,,,,,,,,,,,,,,,,,,,,,,,,,,,,,,,,,,,,,,,,,,,,,,,,,,,
24,4,Yu,2015,1,China,Asia,120.55,31.5,16,1150,1.21,16,3.274790512,1.4,7.01,0-14,3,wheat,rainfed,Temp,FACE,1,150,1,2,33.375,3.875,3,30.875,3.1875,3,-0.077860322,0.008046201,,,,,,,,,,,,,,,,,,,,,,,,,,,,,,,,,,,,,,,,,,,,,,,,,,,,,,,,,,,,,,,,
25,5,Han,2015,3,China,Asia,116.2333333,40.21666667,23.1,382.2,1.3275,11,2.194651552,0.686189229,8.4,0-25,2,legumes,rainfed,CO2,FACE,1,135,0,0,,,,,,,,,,,,,,,,,,,,,,,,,,,,,,,,,,,,,,,,,0.350877,0.017544,3,0.385965,0.017544,3,0.095310957,0.001522064,,,,,,,,,107.6,9.342167748,3,134.6,11.13899977,3,0.223886769,0.004795621,,,,,,,,
26,5,Han,2015,3,China,Asia,116.2333333,40.21666667,23.2,647.1,1.3275,11.2,2.194651552,0.686189229,8.3,0-25,2,legumes,rainfed,CO2,FACE,1,135,0,0,,,,,,,,,,,,,,,,,,,,,,,,,,,,,,,,,,,,,,,,,1.14035,0.03509,3,1.63158,0.05263,3,0.358213638,0.000662463,,,,,,,,,214.8,18.64960625,3,247,20.44080938,3,0.139680974,0.004795621,,,,,,,,
27,6,Guo,2021,4,China,Asia,127.0166667,46.21666667,4.5,550,1.2825,15.625,7.719525739,0.599385763,6.7,0-30,1,legumes,conventional,CO2,OTCs,1,300,0,0,,,,,,,,,,,,,,,,,,,,,,,,,,,,,,,,,,,,,,,,,6.85811,0.52024,3,7.09457,0.23653,3,0.033897809,0.002288636,0.1764,0.014,3,0.2398669,0.0158662,3,0.307330043,0.00355803,,,,,,,,,,,,,,,,
28,6,Guo,2021,4,China,Asia,127.0166667,46.21666667,4.5,550,1.2825,15.625,7.719525739,0.599385763,6.7,0-30,1,legumes,conventional,Temp,OTCs,0,0,1,2,,,,,,,,,,,,,,,,,,,,,,,,,,,,,,,,,,,,,,,,,6.85811,0.52024,3,5.486488,0.236488,3,-0.223143551,0.002537437,0.1764,0.014,3,0.1577331,0.0149338,3,-0.111849779,0.005087558,,,,,,,,,,,,,,,,
29,6,Guo,2021,4,China,Asia,127.0166667,46.21666667,4.5,550,1.2825,15.625,7.719525739,0.599385763,6.7,0-30,1,legumes,conventional,CO2,OTCs,1,300,1,2,,,,,,,,,,,,,,,,,,,,,,,,,,,,,,,,,,,,,,,,,5.486488,0.236488,3,8.51354,0.52024,3,0.439369495,0.001864013,0.1577331,0.0149338,3,0.2613331,0.014,3,0.504891475,0.003944587,,,,,,,,,,,,,,,,
30,6,Guo,2021,4,China,Asia,127.0166667,46.21666667,4.5,550,1.2825,15.625,7.719525739,0.599385763,6.7,0-30,1,legumes,conventional,Temp,OTCs,1,300,1,2,,,,,,,,,,,,,,,,,,,,,,,,,,,,,,,,,,,,,,,,,7.09457,0.23653,3,8.51354,0.52024,3,0.182328135,0.001615213,0.2398669,0.0158662,3,0.2613331,0.014,3,0.085711653,0.002415059,,,,,,,,,,,,,,,,
31,7,Wang,2018,1,China,Asia,120.55,31.5,16,1150,1.2,19.4,3.302080433,0.9,7.027,0-20,2,wheat,rainfed,CO2,FACE,1,100,0,0,,,,,,,,,,,,,,,,,,,,,,,,,,,,,,,,,,,,,,,,,2.70213,0.234193021,3,2.29787,0.179977969,3,-0.162057744,0.004548758,,,,,,,,,,,,,,,,,,,,,,,,
32,7,Wang,2018,1,China,Asia,120.55,31.5,16,1150,1.2,19.4,3.302080433,0.9,7.027,0-20,2,wheat,rainfed,Temp,FACE,0,0,1,2,,,,,,,,,,,,,,,,,,,,,,,,,,,,,,,,,,,,,,,,,2.70213,0.234193021,3,2.7234,0.213307106,3,0.007840749,0.004548758,,,,,,,,,,,,,,,,,,,,,,,,
33,7,Wang,2018,1,China,Asia,120.55,31.5,16,1150,1.2,19.4,3.302080433,0.9,7.027,0-20,2,wheat,rainfed,CO2,FACE,1,100,1,2,,,,,,,,,,,,,,,,,,,,,,,,,,,,,,,,,,,,,,,,,2.7234,0.236036488,3,2.57447,0.201642339,3,-0.056237412,0.004548758,,,,,,,,,,,,,,,,,,,,,,,,
34,7,Wang,2018,1,China,Asia,120.55,31.5,16,1150,1.2,19.4,3.302080433,0.9,7.027,0-20,2,wheat,rainfed,Temp,FACE,1,100,1,2,,,,,,,,,,,,,,,,,,,,,,,,,,,,,,,,,,,,,,,,,2.29787,0.199155895,3,2.57447,0.201642339,3,0.113661081,0.004548758,,,,,,,,,,,,,,,,,,,,,,,,
35,7,Wang,2018,1,China,Asia,120.55,31.5,16,1150,1.2,19.4,3.302080433,0.9,7.027,0-20,2,rice,conventional,CO2,FACE,1,100,0,0,,,,,,,,,,,,,,,,,,,,,,,,,,,,,,,,,,,,,,,,,3.2234,0.279371379,3,3.08511,0.241637617,3,-0.04384939,0.004548758,,,,,,,,,,,,,,,,,,,,,,,,
36,7,Wang,2018,1,China,Asia,120.55,31.5,16,1150,1.2,19.4,3.302080433,0.9,7.027,0-20,2,rice,conventional,Temp,FACE,0,0,1,2,,,,,,,,,,,,,,,,,,,,,,,,,,,,,,,,,,,,,,,,,3.2234,0.279371379,3,3.37234,0.264134569,3,0.045170162,0.004548758,,,,,,,,,,,,,,,,,,,,,,,,
37,7,Wang,2018,1,China,Asia,120.55,31.5,16,1150,1.2,19.4,3.302080433,0.9,7.027,0-20,2,rice,conventional,CO2,FACE,1,100,1,2,,,,,,,,,,,,,,,,,,,,,,,,,,,,,,,,,,,,,,,,,3.37234,0.292279977,3,3.8617,0.302463117,3,0.135500636,0.004548758,,,,,,,,,,,,,,,,,,,,,,,,
38,7,Wang,2018,1,China,Asia,120.55,31.5,16,1150,1.2,19.4,3.302080433,0.9,7.027,0-20,2,rice,conventional,Temp,FACE,1,100,1,2,,,,,,,,,,,,,,,,,,,,,,,,,,,,,,,,,,,,,,,,,3.08511,0.267385815,3,3.8617,0.302463117,3,0.224520188,0.004548758,,,,,,,,,,,,,,,,,,,,,,,,
39,8,Yang,2008,5,China,Asia,119.7,32.59166667,14.9,980,1.2,18.4,3.113355239,0.63,7.2,0-20,3,rice,conventional,CO2,FACE,1,200,0,0,,,,,,,,,,,,,,,,,,,,,,,,,,,,,,,,,,,,,,,,,,,,,,,,,,,,,,,,,,,,,,,,,9434.78,347.83,3,13391.3,869.6,3,0.350202381,0.001858688
40,8,Yang,2008,5,China,Asia,119.7,32.59166667,14.9,980,1.2,18.4,3.113355239,0.63,7.2,0-20,3,rice,conventional,CO2,FACE,1,200,0,0,,,,,,,,,,,,,,,,,,,,,,,,,,,,,,,,,,,,,,,,,,,,,,,,,,,,,,,,,,,,,,,,,9869.57,282.6,3,14043.5,1173.9,3,0.352703369,0.002602403
41,8,Yang,2008,5,China,Asia,119.7,32.59166667,14.9,980,1.2,18.4,3.113355239,0.63,7.2,0-20,3,rice,conventional,CO2,FACE,1,200,0,0,,,,,,,,,,,,,,,,,,,,,,,,,,,,,,,,,,,,,,,,,,,,,,,,,,,,,,,,,,,,,,,,,843.478,8.6955,3,1026.09,19.565,3,0.195976921,0.000156616
42,8,Yang,2008,5,China,Asia,119.7,32.59166667,14.9,980,1.2,18.4,3.113355239,0.63,7.2,0-20,3,rice,conventional,CO2,FACE,1,200,0,0,,,,,,,,,,,,,,,,,,,,,,,,,,,,,,,,,,,,,,,,,,,,,,,,,,,,,,,,,,,,,,,,,891.304,17.3915,3,1143.48,45.65,3,0.249145964,0.000658167
43,8,Yang,2008,5,China,Asia,119.7,32.59166667,14.9,980,1.2,18.4,3.113355239,0.63,7.2,0-20,3,rice,conventional,CO2,FACE,1,200,0,0,,,,,,,,,,,,,,,,,,,,,,,,,,,,,,,,,,,,,,,,,,,,,,,,,,,,,,,,,,,,,,,,,978.261,47.8275,3,1200,80.435,3,0.20430033,0.002294391
44,8,Yang,2008,5,China,Asia,119.7,32.59166667,14.9,980,1.2,18.4,3.113355239,0.63,7.2,0-20,3,rice,conventional,CO2,FACE,1,200,0,0,,,,,,,,,,,,,,,,,,,,,,,,,,,,,,,,,,,,,,,,,,,,,,,,,,,,,,,,,,,,,,,,,930.435,4.348,3,1143.48,17.395,3,0.206179304,8.44E-05
45,9,Wang,2018,1,China,Asia,120.55,31.5,27,567,1.2,19.2,3.302080433,0.9,7,0-20,2,rice,conventional,CO2,FACE,1,100,0,0,,,,,,,,,,,,,,,,,,,,,,,,,,,,,,,,,,,,,,,,,3.67407,0.385185,3,3.2,0.155555,3,-0.13814923,0.004451397,,,,,,,,,,,,,,,,,8823.53,264.705,3,9035.29,582.35,3,0.023716004,0.00168472
46,9,Wang,2018,1,China,Asia,120.55,31.5,27,567,1.2,19.2,3.302080433,0.9,7,0-20,2,rice,conventional,Temp,FACE,0,0,1,2,,,,,,,,,,,,,,,,,,,,,,,,,,,,,,,,,,,,,,,,,3.67407,0.385185,3,3.88148,0.044445,3,0.054916485,0.003707428,,,,,,,,,,,,,,,,,8823.53,264.705,3,7058.82,811.765,3,-0.223144118,0.004708339
47,9,Wang,2018,1,China,Asia,120.55,31.5,27,567,1.2,19.2,3.302080433,0.9,7,0-20,2,rice,conventional,CO2,FACE,1,100,1,2,,,,,,,,,,,,,,,,,,,,,,,,,,,,,,,,,,,,,,,,,3.88148,0.044445,3,3.97037,0.303705,3,0.022642765,0.001994091,,,,,,,,,,,,,,,,,7058.82,811.765,3,8329.41,211.765,3,0.165514727,0.004623797
48,9,Wang,2018,1,China,Asia,120.55,31.5,27,567,1.2,19.2,3.302080433,0.9,7,0-20,2,rice,conventional,Temp,FACE,1,100,1,2,,,,,,,,,,,,,,,,,,,,,,,,,,,,,,,,,,,,,,,,,3.2,0.155555,3,3.97037,0.303705,3,0.21570848,0.002738061,,,,,,,,,,,,,,,,,9035.29,582.35,3,8329.41,211.765,3,-0.081345396,0.001600178
49,9,Wang,2018,1,China,Asia,120.55,31.5,24.2,804,1.2,19.2,3.302080433,0.9,7,0-20,2,rice,conventional,CO2,FACE,1,100,0,0,,,,,,,,,,,,,,,,,,,,,,,,,,,,,,,,,,,,,,,,,6.08889,1.28148,3,3.52593,0.37037,3,-0.546321568,0.018442678,,,,,,,,,,,,,,,,,9070.59,141.175,3,9635.29,35.295,3,0.060395088,8.52E-05
50,9,Wang,2018,1,China,Asia,120.55,31.5,24.2,804,1.2,19.2,3.302080433,0.9,7,0-20,2,rice,conventional,Temp,FACE,0,0,1,2,,,,,,,,,,,,,,,,,,,,,,,,,,,,,,,,,,,,,,,,,6.08889,1.28148,3,5.45185,1.362965,3,-0.110510798,0.035598162,,,,,,,,,,,,,,,,,9070.59,141.175,3,8576.47,88.235,3,-0.056014905,0.000116028
51,9,Wang,2018,1,China,Asia,120.55,31.5,24.2,804,1.2,19.2,3.302080433,0.9,7,0-20,2,rice,conventional,CO2,FACE,1,100,1,2,,,,,,,,,,,,,,,,,,,,,,,,,,,,,,,,,,,,,,,,,5.45185,1.362965,3,5.97037,0.54074,3,0.090853901,0.023567754,,,,,,,,,,,,,,,,,8576.47,88.235,3,8929.41,158.82,3,0.040327916,0.00014073
52,9,Wang,2018,1,China,Asia,120.55,31.5,24.2,804,1.2,19.2,3.302080433,0.9,7,0-20,2,rice,conventional,Temp,FACE,1,100,1,2,,,,,,,,,,,,,,,,,,,,,,,,,,,,,,,,,,,,,,,,,3.52593,0.37037,3,5.97037,0.54074,3,0.526664671,0.006412271,,,,,,,,,,,,,,,,,9635.29,35.295,3,8929.41,158.82,3,-0.076082077,0.000109922
53,10,Zeng,2009,5,China,Asia,119.7,32.58472222,14.5,918,1.2,25.8,3.113355239,1.23,6.8,0-20,2,rice,conventional,CO2,FACE,1,200,0,0,,,,,,,,,,,,,,,,,,,,,,,,,,,,,,,,,,,,,,,,,4.4,0.9,3,7.2,2,3,0.492476485,0.039666446,,,,,,,,,,,,,,,,,,,,,,,,
54,10,Zeng,2009,5,China,Asia,119.7,32.58472222,14.5,918,1.2,25.8,3.113355239,1.23,6.8,0-20,2,others,conventional,CO2,FACE,1,200,0,0,,,,,,,,,,,,,,,,,,,,,,,,,,,,,,,,,,,,,,,,,0.3,0.04,3,0.3,0.02,3,0,0.007407407,,,,,,,,,,,,,,,,,,,,,,,,
55,11,Ma,2007,1,China,Asia,120.55,31.5,16,1150,1.2,15,3.302080433,1.23,6.8,0-15,1,rice,conventional,CO2,FACE,1,200,0,0,4.2,0.9,5,5.1,1,3,0.194156014,0.021999257,,,,,,,,,,,,,,,,,,,,,,,,,,,,,,,,,,,,,,,,,,,,,,,,,,,,,,,,,,,,,,,,
56,11,Ma,2007,1,China,Asia,120.55,31.5,16,1150,1.2,15,3.302080433,1.23,6.8,0-15,1,rice,conventional,CO2,FACE,1,200,0,0,4.3,1.8,5,5.1,1.8,3,0.170625517,0.076568462,,,,,,,,,,,,,,,,,,,,,,,,,,,,,,,,,,,,,,,,,,,,,,,,,,,,,,,,,,,,,,,,
57,11,Ma,2007,1,China,Asia,120.55,31.5,16,1150,1.2,15,3.302080433,1.23,6.8,0-15,1,wheat,conventional,CO2,FACE,1,200,0,0,3.2,1,5,3.2,1,3,0,0.052083333,,,,,,,,,,,,,,,,,,,,,,,,,,,,,,,,,,,,,,,,,,,,,,,,,,,,,,,,,,,,,,,,
58,11,Ma,2007,1,China,Asia,120.55,31.5,16,1150,1.2,15,3.302080433,1.23,6.8,0-15,1,wheat,conventional,CO2,FACE,1,200,0,0,2.2,0.8,5,2.7,1.2,3,0.204794413,0.092289902,,,,,,,,,,,,,,,,,,,,,,,,,,,,,,,,,,,,,,,,,,,,,,,,,,,,,,,,,,,,,,,,
59,12,Guo,2023,4,China,Asia,127.0166667,46.21666667,3.919791698,532.1575317,1.266666667,21.9,7.816019811,0.603334869,5.4,0-15,1,legumes,conventional,CO2,OTCs,1,300,0,0,,,,,,,,,,,,,,,,,,,,,,,,,,,,,,,,,,,,,,,,,0.25764977,0.02049486,4,0.33816519,0.0161028,4,0.271933322,0.002148741,0.004501549,0.000307423,4,0.004589383,0.000461131,4,0.019324033,0.00368992,,,,,,,,,,,,,,,,
60,12,Guo,2023,4,China,Asia,127.0166667,46.21666667,3.919791698,532.1575317,1.266666667,21.9,7.816019811,0.603334869,5.4,0-15,1,legumes,conventional,Temp,OTCs,0,0,1,2,,,,,,,,,,,,,,,,,,,,,,,,,,,,,,,,,,,,,,,,,0.25764977,0.02049486,4,0.3074229,0.01756682,4,0.176623142,0.002398176,0.004501549,0.000307423,4,0.005928869,0.000461131,4,0.27541191,0.002678298,,,,,,,,,,,,,,,,
61,12,Guo,2023,4,China,Asia,127.0166667,46.21666667,3.919791698,532.1575317,1.266666667,21.9,7.816019811,0.603334869,5.4,0-15,1,legumes,conventional,CO2,OTCs,1,300,1,2,,,,,,,,,,,,,,,,,,,,,,,,,,,,,,,,,,,,,,,,,0.3074229,0.01756682,4,0.41428855,0.0234229,4,0.298338388,0.001615434,0.005928869,0.000461131,4,0.004150206,0.000307423,4,-0.356675498,0.002884069,,,,,,,,,,,,,,,,
62,12,Guo,2023,4,China,Asia,127.0166667,46.21666667,3.919791698,532.1575317,1.266666667,21.9,7.816019811,0.603334869,5.4,0-15,1,legumes,conventional,Temp,OTCs,1,300,1,2,,,,,,,,,,,,,,,,,,,,,,,,,,,,,,,,,,,,,,,,,0.33816519,0.0161028,4,0.41428855,0.0234229,4,0.203028208,0.001365998,0.004589383,0.000461131,4,0.004150206,0.000307423,4,-0.100587621,0.003895691,,,,,,,,,,,,,,,,
63,13,"A. Abebe, H. Pathak",2015,6,India,Asia,77.2,28.61666667,29,750,1.393333333,4.5,0.855,0.653876312,8.43,0-15,2,maize,rainfed,CO2,OTCs,1,150,0,0,,,,,,,,,,,,,,,,,,,,,,,,,,,,,,,,,,,,,,,,,3.6,0.31201122,3,2.2,0.172312416,3,-0.492476485,0.004548758,,,,,,,,,,,,,,,,,,,,,,,,
64,13,"A. Abebe, H. Pathak",2015,6,India,Asia,77.2,28.61666667,29,750,1.393333333,4.5,0.855,0.653876312,8.43,0-15,2,maize,rainfed,Temp,OTCs,0,0,1,1.5,,,,,,,,,,,,,,,,,,,,,,,,,,,,,,,,,,,,,,,,,3.6,0.31201122,3,3.2,0.250636241,3,-0.117783036,0.004548758,,,,,,,,,,,,,,,,,,,,,,,,
65,13,"A. Abebe, H. Pathak",2015,6,India,Asia,77.2,28.61666667,29,750,1.393333333,4.5,0.855,0.653876312,8.43,0-15,2,maize,rainfed,Temp,OTCs,0,0,1,3,,,,,,,,,,,,,,,,,,,,,,,,,,,,,,,,,,,,,,,,,3.6,0.31201122,3,3.5,0.274133389,3,-0.028170877,0.004548758,,,,,,,,,,,,,,,,,,,,,,,,
66,13,"A. Abebe, H. Pathak",2015,6,India,Asia,77.2,28.61666667,29,750,1.393333333,4.5,0.855,0.653876312,8.43,0-15,2,maize,rainfed,CO2,OTCs,1,150,1,1.5,,,,,,,,,,,,,,,,,,,,,,,,,,,,,,,,,,,,,,,,,3.2,0.277343306,3,2.7,0.211474329,3,-0.169899037,0.004548758,,,,,,,,,,,,,,,,,,,,,,,,
67,13,"A. Abebe, H. Pathak",2015,6,India,Asia,77.2,28.61666667,29,750,1.393333333,4.5,0.855,0.653876312,8.43,0-15,2,maize,rainfed,CO2,OTCs,1,150,1,3,,,,,,,,,,,,,,,,,,,,,,,,,,,,,,,,,,,,,,,,,3.5,0.303344241,3,3.2,0.250636241,3,-0.089612159,0.004548758,,,,,,,,,,,,,,,,,,,,,,,,
68,13,"A. Abebe, H. Pathak",2015,6,India,Asia,77.2,28.61666667,29,750,1.393333333,4.5,0.855,0.653876312,8.43,0-15,2,maize,rainfed,Temp,OTCs,1,150,1,1.5,,,,,,,,,,,,,,,,,,,,,,,,,,,,,,,,,,,,,,,,,2.2,0.190673523,3,2.7,0.211474329,3,0.204794413,0.004548758,,,,,,,,,,,,,,,,,,,,,,,,
69,13,"A. Abebe, H. Pathak",2015,6,India,Asia,77.2,28.61666667,29,750,1.393333333,4.5,0.855,0.653876312,8.43,0-15,2,maize,rainfed,Temp,OTCs,1,150,1,3,,,,,,,,,,,,,,,,,,,,,,,,,,,,,,,,,,,,,,,,,2.2,0.190673523,3,3.2,0.250636241,3,0.374693449,0.004548758,,,,,,,,,,,,,,,,,,,,,,,,
70,13,"A. Abebe, H. Pathak",2015,6,India,Asia,77.2,28.61666667,29,750,1.393333333,4.5,0.855,0.653876312,8.43,0-15,2,maize,rainfed,CO2,OTCs,1,150,0,0,,,,,,,,,,,,,,,,,,,,,,,,,,,,,,,,,,,,,,,,,3.9,0.338012155,3,2.5,0.195809564,3,-0.444685821,0.004548758,,,,,,,,,,,,,,,,,,,,,,,,
71,13,"A. Abebe, H. Pathak",2015,6,India,Asia,77.2,28.61666667,29,750,1.393333333,4.5,0.855,0.653876312,8.43,0-15,2,maize,rainfed,Temp,OTCs,0,0,1,1.5,,,,,,,,,,,,,,,,,,,,,,,,,,,,,,,,,,,,,,,,,3.9,0.338012155,3,3.5,0.274133389,3,-0.108213585,0.004548758,,,,,,,,,,,,,,,,,,,,,,,,
72,13,"A. Abebe, H. Pathak",2015,6,India,Asia,77.2,28.61666667,29,750,1.393333333,4.5,0.855,0.653876312,8.43,0-15,2,maize,rainfed,Temp,OTCs,0,0,1,3,,,,,,,,,,,,,,,,,,,,,,,,,,,,,,,,,,,,,,,,,3.9,0.338012155,3,4.4,0.344624832,3,0.120627988,0.004548758,,,,,,,,,,,,,,,,,,,,,,,,
73,13,"A. Abebe, H. Pathak",2015,6,India,Asia,77.2,28.61666667,29,750,1.393333333,4.5,0.855,0.653876312,8.43,0-15,2,maize,rainfed,CO2,OTCs,1,150,1,1.5,,,,,,,,,,,,,,,,,,,,,,,,,,,,,,,,,,,,,,,,,3.5,0.303344241,3,2.3,0.180144798,3,-0.419853846,0.004548758,,,,,,,,,,,,,,,,,,,,,,,,
74,13,"A. Abebe, H. Pathak",2015,6,India,Asia,77.2,28.61666667,29,750,1.393333333,4.5,0.855,0.653876312,8.43,0-15,2,maize,rainfed,CO2,OTCs,1,150,1,3,,,,,,,,,,,,,,,,,,,,,,,,,,,,,,,,,,,,,,,,,4.4,0.381347046,3,5.1,0.39945151,3,0.147635999,0.004548758,,,,,,,,,,,,,,,,,,,,,,,,
75,13,"A. Abebe, H. Pathak",2015,6,India,Asia,77.2,28.61666667,29,750,1.393333333,4.5,0.855,0.653876312,8.43,0-15,2,maize,rainfed,Temp,OTCs,1,150,1,1.5,,,,,,,,,,,,,,,,,,,,,,,,,,,,,,,,,,,,,,,,,2.5,0.216674458,3,2.3,0.180144798,3,-0.083381609,0.004548758,,,,,,,,,,,,,,,,,,,,,,,,
76,13,"A. Abebe, H. Pathak",2015,6,India,Asia,77.2,28.61666667,29,750,1.393333333,4.5,0.855,0.653876312,8.43,0-15,2,maize,rainfed,Temp,OTCs,1,150,1,3,,,,,,,,,,,,,,,,,,,,,,,,,,,,,,,,,,,,,,,,,2.5,0.216674458,3,5.1,0.39945151,3,0.712949808,0.004548758,,,,,,,,,,,,,,,,,,,,,,,,
77,14,Sandeep Sharma,2024,6,India,Asia,77.2,28.61666667,29,750,1.393333333,4.5,0.855,0.653876312,8.43,0-15,1,rice,conventional,CO2,OTCs,1,300,0,0,,,,,,,,,,,,,,,,,,,,,,,,,,,,,,,,,,,,,,,,,1.8,0.15600561,12,1.72,0.13471698,12,-0.045462374,0.001137189,,,,,,,,,,,,,,,,,,,,,,,,
78,14,Sandeep Sharma,2024,6,India,Asia,77.2,28.61666667,29,750,1.393333333,4.5,0.855,0.653876312,8.43,0-15,1,rice,conventional,CO2,OTCs,1,300,0,0,,,,,,,,,,,,,,,,,,,,,,,,,,,,,,,,,,,,,,,,,1.58,0.136938258,12,1.62,0.126884597,12,0.025001302,0.001137189,,,,,,,,,,,,,,,,,,,,,,,,
79,14,Sandeep Sharma,2024,6,India,Asia,77.2,28.61666667,29,750,1.393333333,4.5,0.855,0.653876312,8.43,0-15,1,rice,conventional,CO2,OTCs,1,300,0,0,,,,,,,,,,,,,,,,,,,,,,,,,,,,,,,,,,,,,,,,,1.53,0.132604768,12,1.62,0.126884597,12,0.057158414,0.001137189,,,,,,,,,,,,,,,,,,,,,,,,
80,14,Sandeep Sharma,2024,6,India,Asia,77.2,28.61666667,29,750,1.393333333,4.5,0.855,0.653876312,8.43,0-15,1,rice,conventional,CO2,OTCs,1,300,0,0,,,,,,,,,,,,,,,,,,,,,,,,,,,,,,,,,,,,,,,,,0.83,0.07193592,12,0.82,0.064225537,12,-0.012121361,0.001137189,,,,,,,,,,,,,,,,,,,,,,,,
81,14,Sandeep Sharma,2024,6,India,Asia,77.2,28.61666667,29,750,1.393333333,4.5,0.855,0.653876312,8.43,0-15,1,rice,conventional,CO2,OTCs,1,300,0,0,,,,,,,,,,,,,,,,,,,,,,,,,,,,,,,,,,,,,,,,,0.81,0.070202524,12,0.81,0.063442299,12,0,0.001137189,,,,,,,,,,,,,,,,,,,,,,,,
82,14,Sandeep Sharma,2024,6,India,Asia,77.2,28.61666667,29,750,1.393333333,4.5,0.855,0.653876312,8.43,0-15,1,rice,conventional,CO2,OTCs,1,300,0,0,,,,,,,,,,,,,,,,,,,,,,,,,,,,,,,,,,,,,,,,,0.69,0.05980215,12,0.79,0.061875822,12,0.135341348,0.001137189,,,,,,,,,,,,,,,,,,,,,,,,
83,15,Huang,2022,7,China,Asia,114.1166667,32.21666667,15.3,1010,1.23,14.57,3.062929241,0.96,5.46,0-20,1,others,conventional,Temp,OTCs,0,0,1,3.1,,,,,,,,,,,,,,,,,,,,,,,,,,,,,,,,,,,,,,,,,,,,,,,,,,,,,,,,,19.89835034,0.25512415,9,22.78957483,0.42517517,9,0.135666356,5.69E-05,,,,,,,,
84,15,Huang,2022,7,China,Asia,114.1166667,32.21666667,15.3,1010,1.23,14.57,3.062929241,0.96,5.46,0-20,1,others,conventional,Temp,OTCs,0,0,1,3.1,,,,,,,,,,,,,,,,,,,,,,,,,,,,,,,,,,,,,,,,,,,,,,,,,,,,,,,,,22.95964966,0.42517517,9,25.0855017,0.5102483,9,0.088551745,8.41E-05,,,,,,,,
85,16,Sumit Kumar Dey,2019,6,India,Asia,77.2,28.61666667,26.5,750,1.4,2.475,0.47025,0.65072467,8.43,0-30,1,legumes,conventional,CO2,FACE,1,150,0,0,4.81,0.613139056,3,4.44,0.468201593,3,-0.080042708,0.009122972,0.451667,0.0125,3,0.4425,0.014167,3,-0.020504718,0.000596977,,,,,,,,,,,,,,,,,,,,,,,,,5.320433461,1.74813697,3,6.916567741,2.698196198,3,0.262364878,0.086713795,,,,,,,,,,,,,,,,,,,,,,,,
86,16,Sumit Kumar Dey,2019,6,India,Asia,77.2,28.61666667,26.5,750,1.4,2.475,0.47025,0.65072467,8.43,0-30,1,legumes,conventional,CO2,FACE,1,150,0,0,8.61,1.097531657,3,8.84,0.932185154,3,0.026362558,0.009122972,0.458333,0.009167,3,0.448333,0.0075,3,-0.022059734,0.000226626,,,,,,,,,,,,,,,,,,,,,,,,,10.6408952,2.28018173,3,13.3391126,3.002236922,3,0.225995901,0.032191521,,,,,,,,,,,,,,,,,,,,,,,,
87,16,Sumit Kumar Dey,2019,6,India,Asia,77.2,28.61666667,26.5,750,1.4,2.475,0.47025,0.65072467,8.43,0-30,1,legumes,conventional,CO2,FACE,1,150,0,0,8.91,1.135773179,3,8.9,0.938512202,3,-0.001122965,0.009122972,0.458333,0.015,3,0.449167,0.013333,3,-0.020201238,0.000650735,,,,,,,,,,,,,,,,,,,,,,,,,12.35099615,3.458230856,3,14.2892001,5.244389705,3,0.145767294,0.071033277,,,,,,,,,,,,,,,,,,,,,,,,
88,16,Sumit Kumar Dey,2019,6,India,Asia,77.2,28.61666667,26.5,750,1.4,2.475,0.47025,0.65072467,8.43,0-30,1,legumes,conventional,CO2,FACE,1,150,0,0,9.46,1.205882634,3,9.61,1.013382277,3,0.01573184,0.009122972,0.464167,0.0125,3,0.451667,0.01,3,-0.027299219,0.000405137,,,,,,,,,,,,,,,,,,,,,,,,,13.03509308,2.204194522,3,16.03733,3.53428875,3,0.207273942,0.025720209,,,,,,,,,,,,,,,,,,,,,,,,
89,16,Sumit Kumar Dey,2019,6,India,Asia,77.2,28.61666667,26.5,750,1.4,2.475,0.47025,0.65072467,8.43,0-30,1,legumes,conventional,CO2,FACE,1,150,0,0,9.96,1.269618503,3,9.91,1.04501752,3,-0.005032723,0.009122972,0.4675,0.013333,3,0.456667,0.011666,3,-0.023444889,0.000488658,,,,,,,,,,,,,,,,,,,,,,,,,14.137155,3.07822413,3,16.56938183,2.660259142,3,0.158750086,0.02439596,,,,,,,,,,,,,,,,,,,,,,,,
90,17,Li,2015,3,China,Asia,116.2333333,40.21666667,26.8,517.9,1.32,11.2,2.207121163,0.704223785,8.3,0-15,1,legumes,rainfed,CO2,FACE,1,139,0,0,,,,,,,,,,,,,,,,,,,,,,,,,,,,,,,,,,,,,,,,,1.37,0.17,3,1.35,0.13,3,-0.014706147,0.008223569,,,,,,,,,203.4,13,3,207.8,18.6,3,0.021401595,0.004032273,,,,,,,,
91,18,MEENA KUMARI,2017,8,India,Asia,77.18333333,30.08333333,26.5,750,1.373333333,1.466666667,2.400669513,0.561178925,6.6,0-15,2,others,conventional,CO2,OTCs,1,150,0,0,,,,,,,,,,,,,,,,,,,,,,,,,,,,,,,,,,,,,,,,,3,0.26000935,3,2.7,0.211474329,3,-0.105360516,0.004548758,,,,,,,,,,,,,,,,,,,,,,,,
92,18,MEENA KUMARI,2017,8,India,Asia,77.18333333,30.08333333,26.5,750,1.373333333,1.466666667,2.400669513,0.561178925,6.6,0-15,2,others,conventional,Temp,OTCs,0,0,1,1,,,,,,,,,,,,,,,,,,,,,,,,,,,,,,,,,,,,,,,,,3,0.26000935,3,3.9,0.305462919,3,0.262364264,0.004548758,,,,,,,,,,,,,,,,,,,,,,,,
93,18,MEENA KUMARI,2017,8,India,Asia,77.18333333,30.08333333,26.5,750,1.373333333,1.466666667,2.400669513,0.561178925,6.6,0-15,2,others,conventional,CO2,OTCs,1,150,1,1,,,,,,,,,,,,,,,,,,,,,,,,,,,,,,,,,,,,,,,,,3.9,0.338012155,3,2.5,0.195809564,3,-0.444685821,0.004548758,,,,,,,,,,,,,,,,,,,,,,,,
94,18,MEENA KUMARI,2017,8,India,Asia,77.18333333,30.08333333,26.5,750,1.373333333,1.466666667,2.400669513,0.561178925,6.6,0-15,2,others,conventional,Temp,OTCs,1,150,1,1,,,,,,,,,,,,,,,,,,,,,,,,,,,,,,,,,,,,,,,,,2.7,0.234008415,3,2.5,0.195809564,3,-0.076961041,0.004548758,,,,,,,,,,,,,,,,,,,,,,,,
95,20,Shaorong An,2018,9,China,Asia,113.6333333,23.23333333,21.93645859,1699.762451,1.22,14.33333333,6.776427962,0.57,6.87,0-20,1,rice,conventional,CO2,chamber,1,150,0,0,,,,,,,,,0.46257,0.00927,3,0.46705,0.00629,3,0.009638421,0.000194328,,,,,,,,,81.54,5.71,3,80.08,8.67,3,-0.018067562,0.005541821,,,,,,,,,,,,,,,,,,,,,,,,,,,,,,,,,,,,,,,,
96,20,Shaorong An,2018,9,China,Asia,113.6333333,23.23333333,21.93645859,1699.762451,1.22,14.33333333,6.776427962,0.57,6.87,0-20,1,rice,conventional,CO2,chamber,1,300,0,0,,,,,,,,,0.46257,0.00927,3,0.46424,0.00922,3,0.003603763,0.000265349,,,,,,,,,81.54,5.71,3,82.75,3.08,3,0.014730317,0.002096382,,,,,,,,,,,,,,,,,,,,,,,,,,,,,,,,,,,,,,,,
97,21,Hongjiang Liu,2008,5,China,Asia,119.7,32.59166667,14.9,980,1.2,18.4,3.113355239,0.63,7.2,0-20,3,rice,conventional,CO2,FACE,1,200,0,0,,,,,,,,,,,,,,,,,,,,,,,,,,,,,,,,,,,,,,,,,,,,,,,,,,,,,,,,,1.90441,0.11765,3,2.45588,0.125,3,0.2543129,0.002135704,10950,360,3,15230,60,3,0.329927711,0.000365466
98,21,Hongjiang Liu,2008,5,China,Asia,119.7,32.59166667,14.9,980,1.2,18.4,3.113355239,0.63,7.2,0-20,3,rice,conventional,CO2,FACE,1,200,0,0,,,,,,,,,,,,,,,,,,,,,,,,,,,,,,,,,,,,,,,,,,,,,,,,,,,,,,,,,1.83824,0.11764,3,2.69853,0.27206,3,0.383898588,0.004753242,11300,190,3,16460,110,3,0.37613047,0.000109126
99,22,P. Bhattacharyya,2014,10,India,Asia,85.93333333,20.45,31.3,1500,1.4,7.9,2.493700243,0.525414093,6.266666667,0-15,3,rice,conventional,CO2,OTCs,1,156,0,0,,,,,,,,,,,,,,,,,,,,,,,,,40,1.375,2,50.875,1.25,2,0.24049219,0.000892663,,,,,,,,,0.628261,0.017391,2,0.8,0.023913,2,0.241656042,0.000829867,0.162791,0.005814,2,0.211628,0.005814,2,0.262362847,0.001015139,18.31111111,1.589827803,2,21.42222222,1.772824133,2,0.156920765,0.007193431,4710,336.0600946,2,548,33.6674903,2,-2.1511679,0.004432689
100,22,P. Bhattacharyya,2014,10,India,Asia,85.93333333,20.45,31.3,1500,1.4,7.9,2.493700243,0.525414093,6.266666667,0-15,3,rice,conventional,CO2,OTCs,1,156,1,2,,,,,,,,,,,,,,,,,,,,,,,,,50.875,1.25,2,55.125,1.25,2,0.08023169,0.000558938,,,,,,,,,0.8,0.023913,2,0.804348,0.021739,2,0.005420284,0.000811969,0.211628,0.005814,2,0.209302,0.003489,2,-0.011051831,0.000516315,21.42222222,1.859944178,2,21.62222222,1.789375396,2,0.009292788,0.007193431,548,39.09998553,2,567,34.83479379,2,0.034084017,0.004432689
101,23,Yunfa Qiao,2019,11,China,Asia,126.6333333,47.43333333,18,530,1.226666667,18.5,6.190823472,0.625283264,6.933333333,0-20,5,legumes,rainfed,Temp,OTCs,0,0,1,2.1,,,,,,,,,,,,,,,,,,,,,,,,,,,,,,,,,,,,,,,,,,,,,,,,,,,,,,,,,20.48148148,1.778266131,3,19.2962963,1.596890341,3,-0.05960796,0.004795621,314,22.40400631,3,288,17.69386351,3,-0.086432506,0.002955126
102,23,Yunfa Qiao,2019,11,China,Asia,126.6333333,47.43333333,18,530,1.226666667,18.5,6.190823472,0.625283264,6.933333333,0-20,5,legumes,rainfed,CO2,OTCs,1,700,1,2.1,,,,,,,,,,,,,,,,,,,,,,,,,,,,,,,,,,,,,,,,,,,,,,,,,,,,,,,,,19.2962963,1.675364655,3,30.40740741,2.516404933,3,0.454773068,0.004795621,288,20.54889751,3,412,25.31205475,3,0.358062869,0.002955126
103,23,Yunfa Qiao,2019,11,China,Asia,126.6333333,47.43333333,18,530,1.226666667,18.5,6.190823472,0.625283264,6.933333333,0-20,5,maize,rainfed,Temp,OTCs,0,0,1,2.1,,,,,,,,,,,,,,,,,,,,,,,,,,,,,,,,,,,,,,,,,,,,,,,,,,,,,,,,,273.6666667,23.76059393,3,315.8333333,26.13720227,3,0.143303827,0.004795621,724,51.65764512,3,904,55.53907158,3,0.222037968,0.002955126
104,23,Yunfa Qiao,2019,11,China,Asia,126.6333333,47.43333333,18,530,1.226666667,18.5,6.190823472,0.625283264,6.933333333,0-20,5,maize,rainfed,CO2,OTCs,1,700,1,2.1,,,,,,,,,,,,,,,,,,,,,,,,,,,,,,,,,,,,,,,,,,,,,,,,,,,,,,,,,315.8333333,27.42163551,3,300.8333333,24.89585757,3,-0.048658247,0.004795621,904,64.50070606,3,907,55.72338266,3,0.00331309,0.002955126
105,24,Jinlong Dong,2018,12,China,Asia,119.3333333,32.1,15.6541667,1040.757446,1.263333333,10.5,3.1950738,0.75873114,8.17,0-20,1,others,saving,CO2,OTCs,1,400,0,0,,,,,,,,,,,,,,,,,,,,,,,,,,,,,,,,,,,,,,,,,4.8,0.41601496,8,5,0.391619127,8,0.040821995,0.001705784,,,,,,,,,35.2,3.056173836,8,43.6,3.608175258,8,0.214011068,0.001798358,,,,,,,,
106,24,Jinlong Dong,2018,12,China,Asia,119.3333333,32.1,15.6541667,1040.757446,1.263333333,10.5,3.1950738,0.75873114,8.17,0-20,1,others,saving,CO2,OTCs,1,800,0,0,,,,,,,,,,,,,,,,,,,,,,,,,,,,,,,,,,,,,,,,,4.8,0.41601496,8,4.9,0.383786745,8,0.020619287,0.001705784,,,,,,,,,35.2,3.056173836,8,42.2,3.49231642,8,0.181374138,0.001798358,,,,,,,,
107,24,Jinlong Dong,2018,12,China,Asia,119.3333333,32.1,15.6541667,1040.757446,1.263333333,10.5,3.1950738,0.75873114,8.17,0-20,1,others,saving,CO2,OTCs,1,400,0,0,,,,,,,,,,,,,,,,,,,,,,,,,,,,,,,,,,,,,,,,,4.6,0.398681003,8,4.5,0.352457214,8,-0.021978907,0.001705784,,,,,,,,,37,3.212455452,8,49.2,4.071610612,8,0.284975711,0.001798358,,,,,,,,
108,24,Jinlong Dong,2018,12,China,Asia,119.3333333,32.1,15.6541667,1040.757446,1.263333333,10.5,3.1950738,0.75873114,8.17,0-20,1,others,saving,CO2,OTCs,1,800,0,0,,,,,,,,,,,,,,,,,,,,,,,,,,,,,,,,,,,,,,,,,4.6,0.398681003,8,4.2,0.328960067,8,-0.090971778,0.001705784,,,,,,,,,37,3.212455452,8,45.6,3.773687885,8,0.208989804,0.001798358,,,,,,,,
109,25,UshaRJena,2018,13,India,Asia,87.31666667,22.31666667,35,149.8,1.406666667,3.8,2.266051504,0.523746368,5.833333333,0-20,2,rice,conventional,CO2,OTCs,1,100,0,0,,,,,,,,,,,,,,,,,,,,,,,,,,,,,,,,,,,,,,,,,1.75,0.151672121,2,1.74,0.136283456,2,-0.005730675,0.006823136,,,,,,,,,,,,,,,,,3015,215.1212708,2,3000,184.3110783,2,-0.004987542,0.004432689
110,25,UshaRJena,2018,13,India,Asia,87.31666667,22.31666667,35,149.8,1.406666667,3.8,2.266051504,0.523746368,5.833333333,0-20,2,rice,conventional,CO2,OTCs,1,100,0,0,,,,,,,,,,,,,,,,,,,,,,,,,,,,,,,,,,,,,,,,,1.75,0.151672121,2,1.74,0.136283456,2,-0.005730675,0.006823136,,,,,,,,,,,,,,,,,4365,311.4442278,2,3835,235.610995,2,-0.129448754,0.004432689
111,26,MEENA KUMARI,2017,8,India,Asia,77.18333333,30.08333333,26.5,750,1.373333333,1.466666667,2.400669513,0.561178925,6.6,0-15,2,legumes,rainfed,CO2,OTCs,1,150,0,0,,,,,,,,,,,,,,,,,,,,,,,,,,,,,,,,,,,,,,,,,0.25,0.021667446,3,0.2,0.015664765,3,-0.223143551,0.004548758,,,,,,,,,,,,,,,,,,,,,,,,
112,26,MEENA KUMARI,2017,8,India,Asia,77.18333333,30.08333333,26.5,750,1.373333333,1.466666667,2.400669513,0.561178925,6.6,0-15,2,legumes,rainfed,Temp,OTCs,1,150,1,1,,,,,,,,,,,,,,,,,,,,,,,,,,,,,,,,,,,,,,,,,0.2,0.017333957,3,0.18,0.014098289,3,-0.105360516,0.004548758,,,,,,,,,,,,,,,,,,,,,,,,
113,27,Lianxin Yang,2007,1,China,Asia,120.55,31.5,16,1150,1.203333333,17.4,3.292933395,0.703231934,6.166666667,0-20,3,rice,conventional,CO2,FACE,1,200,0,0,,,,,,,,,,,,,,,,,,,,,,,,,,,,,,,,,,,,,,,,,,,,,,,,,,,,,,,,,,,,,,,,,8803,628.0970304,5,10032,616.3362457,3,0.130687411,0.002276344
114,27,Lianxin Yang,2007,1,China,Asia,120.55,31.5,16,1150,1.203333333,17.4,3.292933395,0.703231934,6.166666667,0-20,3,rice,conventional,CO2,FACE,1,200,0,0,,,,,,,,,,,,,,,,,,,,,,,,,,,,,,,,,,,,,,,,,,,,,,,,,,,,,,,,,,,,,,,,,9027,644.0795062,5,9757,599.4410635,3,0.07776489,0.002276344
115,27,Lianxin Yang,2007,1,China,Asia,120.55,31.5,16,1150,1.203333333,17.4,3.292933395,0.703231934,6.166666667,0-20,3,rice,conventional,CO2,FACE,1,200,0,0,,,,,,,,,,,,,,,,,,,,,,,,,,,,,,,,,,,,,,,,,,,,,,,,,,,,,,,,,,,,,,,,,7830,558.673151,5,9363,575.2348753,3,0.178803242,0.002276344
116,28,"A. Fangmeier,",1995,14,Germany,Europe,8.67554,50.58727,20,643.5499878,1.408,21.28,4.416317538,0.582808105,5.22,0-40,1,wheat,saving,CO2,OTCs,1,160,0,0,,,,,,,,,,,,,,,,,,,,,,,,,,,,,,,,,,,,,,,,,,,,,,,,,,,,,,,,,1.226,0.046,2,1.04,0.094,2,-0.164536124,0.004788579,,,,,,,,
117,28,"A. Fangmeier,",1995,14,Germany,Europe,8.67554,50.58727,20,643.5499878,1.408,21.28,4.416317538,0.582808105,5.22,0-40,1,wheat,saving,CO2,OTCs,1,320,0,0,,,,,,,,,,,,,,,,,,,,,,,,,,,,,,,,,,,,,,,,,,,,,,,,,,,,,,,,,1.226,0.046,2,1.668,0.084,2,0.307868466,0.00197194,,,,,,,,
118,28,"A. Fangmeier,",1995,14,Germany,Europe,8.67554,50.58727,20,643.5499878,1.408,21.28,4.416317538,0.582808105,5.22,0-40,1,wheat,saving,CO2,OTCs,1,160,0,0,,,,,,,,,,,,,,,,,,,,,,,,,,,,,,,,,,,,,,,,,,,,,,,,,,,,,,,,,1.296,0.156,2,1.355,0.12,2,0.044518856,0.011166028,,,,,,,,
119,28,"A. Fangmeier,",1995,14,Germany,Europe,8.67554,50.58727,20,643.5499878,1.408,21.28,4.416317538,0.582808105,5.22,0-40,1,wheat,saving,CO2,OTCs,1,320,0,0,,,,,,,,,,,,,,,,,,,,,,,,,,,,,,,,,,,,,,,,,,,,,,,,,,,,,,,,,1.296,0.156,2,1.615,0.076,2,0.220052359,0.008351779,,,,,,,,
120,29,Pallavi?Singh,2019,15,India,Asia,87.01666667,22.31666667,28.5,1675,1.5,4.233333333,2.12577237,0.523746368,6.5,0-20,2,rice,conventional,CO2,OTCs,1,195,0,0,,,,,,,,,,,,,,,,,,,,,,,,,,,,,,,,,,,,,,,,,,,,,,,,,,,,,,,,,8.20253,0.1519,2,8.48101,0.6076,2,0.033386903,0.002737788,4.91489,0.19149,2,5.2766,0.0851,2,0.071012578,0.000889041
121,29,Pallavi?Singh,2019,15,India,Asia,87.01666667,22.31666667,28.5,1675,1.5,4.233333333,2.12577237,0.523746368,6.5,0-20,2,rice,conventional,CO2,OTCs,1,195,0,0,,,,,,,,,,,,,,,,,,,,,,,,,,,,,,,,,,,,,,,,,,,,,,,,,,,,,,,,,10.2278,0.9874,2,9.21519,0.12658,2,-0.104256294,0.004754402,5.15957,0.39362,2,5.94681,0.19149,2,0.142001699,0.003428464
122,29,Pallavi?Singh,2019,15,India,Asia,87.01666667,22.31666667,28.5,1675,1.5,4.233333333,2.12577237,0.523746368,6.5,0-20,2,rice,conventional,CO2,OTCs,1,195,0,0,,,,,,,,,,,,,,,,,,,,,,,,,,,,,,,,,,,,,,,,,,,,,,,,,,,,,,,,,7.67089,0.40506,2,9.34177,1.08863,2,0.197063097,0.008184214,4.42553,0.34043,2,4.97872,0.05319,2,0.117782785,0.003015728
123,30,Lianxin Yang,2007,1,China,Asia,120.4666667,31.61666667,16,1150,1.2,18.56666667,3.527666667,1.23,6.8,0-15,3,rice,conventional,CO2,FACE,1,200,0,0,4.2,0.9,5,5.1,1,3,0.194156014,0.021999257,,,,,,,,,,,,,,,,,,,,,,,,,,,,,,,,,1.45455,0.126065533,5,1.76136,0.137956453,3,0.191389663,0.003547204,,,,,,,,,,,,,,,,,,,,,,,,
124,30,Lianxin Yang,2007,1,China,Asia,120.4666667,31.61666667,16,1150,1.2,18.56666667,3.527666667,1.23,6.8,0-15,3,rice,conventional,CO2,FACE,1,200,0,0,4.3,1.8,5,5.1,1.8,3,0.170625517,0.076568462,,,,,,,,,,,,,,,,,,,,,,,,,,,,,,,,,1.59091,0.137883825,5,2.22159,0.174003427,3,0.333916976,0.003547204,,,,,,,,,,,,,,,,,,,,,,,,
125,30,Lianxin Yang,2007,1,China,Asia,120.4666667,31.61666667,16,1150,1.2,18.56666667,3.527666667,1.23,6.8,0-15,3,rice,conventional,CO2,FACE,1,200,0,0,,,,,,,,,,,,,,,,,,,,,,,,,,,,,,,,,,,,,,,,,1.48295,0.128526955,5,1.73864,0.136176936,3,0.159069851,0.003547204,,,,,,,,,,,,,,,,,,,,,,,,
126,32,Wenchao Du,2022,5,China,Asia,119.7,32.58472222,15,980,1.2,18.4,3.113355239,0.727892914,5.48,0-20,1,rice,conventional,CO2,FACE,1,200,0,0,,,,,,,,,,,,,,,,,,,,,,,,,,,,,,,,,,,,,,,,,3.237,0.115,6,3.448,0.268,6,0.063147378,0.001217252,,,,,,,,,,,,,,,,,,,,,,,,
127,33,Yun-HoLee,2020,16,Korea,Asia,127.0833333,36.4,13.5,1300,1.236666667,24.5,5.290337329,0.531446106,6.4,0-15,1,others,saving,CO2,chamber,1,400,0,0,,,,,,,,,,,,,,,,,,,,,,,,,,,,,,,,,,,,,,,,,,,,,,,,,,,,,,,,,19.375,0.375,6,16.875,0.5,6,-0.138150338,0.000208754,,,,,,,,
128,33,Yun-HoLee,2020,16,Korea,Asia,127.0833333,36.4,13.5,1300,1.236666667,24.5,5.290337329,0.531446106,6.4,0-15,1,others,saving,Temp,chamber,0,0,1,4,,,,,,,,,,,,,,,,,,,,,,,,,,,,,,,,,,,,,,,,,,,,,,,,,,,,,,,,,19.375,0.375,6,22.0625,0.375,6,0.129895759,0.000110586,,,,,,,,
129,33,Yun-HoLee,2020,16,Korea,Asia,127.0833333,36.4,13.5,1300,1.236666667,24.5,5.290337329,0.531446106,6.4,0-15,1,others,saving,CO2,chamber,1,400,1,4,,,,,,,,,,,,,,,,,,,,,,,,,,,,,,,,,,,,,,,,,,,,,,,,,,,,,,,,,22.0625,0.375,6,24.875,0.375,6,0.119983948,8.60E-05,,,,,,,,
130,33,Yun-HoLee,2020,16,Korea,Asia,127.0833333,36.4,13.5,1300,1.236666667,24.5,5.290337329,0.531446106,6.4,0-15,1,others,saving,Temp,chamber,1,400,1,4,,,,,,,,,,,,,,,,,,,,,,,,,,,,,,,,,,,,,,,,,,,,,,,,,,,,,,,,,16.875,0.5,6,24.875,0.375,6,0.388030046,0.000184197,,,,,,,,
131,34,Songmei Shi,2021,17,China,Asia,106.4,29.8,18.11458302,1154.027466,1.19,10.56,2.0064,0.61,6.8,0-20,1,legumes,saving,CO2,chamber,1,150,0,0,,,,,,,,,,,,,,,,,,,,,,,,,,,,,,,,,,,,,,,,,5.42105,0.33334,3,4.5614,0.27193,3,-0.17265993,0.002445005,1.68235,0.08236,3,1.88824,0.09411,3,0.115453553,0.001626885,2.91,0.07,3,4.5,0.08,3,0.435924316,0.000298231,,,,,,,,
132,34,Songmei Shi,2021,17,China,Asia,106.4,29.8,18.11458302,1154.027466,1.19,10.56,2.0064,0.61,6.8,0-20,1,legumes,saving,CO2,chamber,1,150,0,0,,,,,,,,,,,,,,,,,,,,,,,,,,,,,,,,,43.01,2.49,3,59.64,3.04,3,0.326893843,0.001983285,5.52632,0.24561,3,4.73684,0.09649,3,-0.154151886,0.000796728,1.82353,0.03529,3,1.72941,0.05294,3,-0.052993873,0.000437197,3.18,0.09,3,5.05,0.12,3,0.462507046,0.000455216,,,,,,,,
133,35,Shaowu Hu,2024,5,China,Asia,119.7,32.58472222,15,980,1.2,24.8,3.113355239,0.54,6.9,0-20,2,rice,conventional,CO2,FACE,1,200,0,0,,,,,,,,,,,,,,,,,,,,,,,,,,,,,,,,,,,,,,,,,1.17,0.02,3,1.11,0.03,3,-0.052643733,0.000340889,,,,,,,,,,,,,,,,,9541.67,54.163,3,11625,37.5,3,0.197489429,1.42E-05
134,36,A. Fangmeier,2002,18,Germany,Europe,8.666666667,50.56666667,9.8,742,1.37,29.73333333,4.538813937,0.584342407,5.3,0-15,2,others,rainfed,CO2,OTCs,1,290,0,0,,,,,,,,,,,,,,,,,,,,,,,,,,,,,,,,,,,,,,,,,1,0.086669783,3,1.08,0.084589731,3,0.076961041,0.004548758,,,,,,,,,,,,,,,,,,,,,,,,
135,38,JamesB.OˇŻSullivan,2021,19,Austrilia,Austrilia,145.0333333,-37.7,14.98749971,669.2849731,1.47,10.93333333,2.077333333,0.355524155,4.6,0-15,1,wheat,conventional,CO2,chamber,0,400,0,0,,,,,,,,,,,,,,,,,,,,,,,,,,,,,,,,,,,,,,,,,1.48936,0.129082508,2,1.65957,0.129983871,2,0.108212035,0.006823136,,,,,,,,,,,,,,,,,,,,,,,,
136,38,JamesB.OˇŻSullivan,2021,19,Austrilia,Austrilia,145.0333333,-37.7,14.98749971,669.2849731,1.47,10.93333333,2.077333333,0.355524155,4.6,0-15,1,wheat,conventional,CO2,chamber,1,400,0,0,,,,,,,,,,,,,,,,,,,,,,,,,,,,,,,,,,,,,,,,,5.57447,0.483138107,2,5.06383,0.396618537,2,-0.096074132,0.006823136,,,,,,,,,,,,,,,,,,,,,,,,
137,38,JamesB.OˇŻSullivan,2021,19,Austrilia,Austrilia,145.0333333,-37.7,14.98749971,669.2849731,1.47,10.93333333,2.077333333,0.355524155,4.6,0-15,1,wheat,conventional,CO2,chamber,1,400,0,0,,,,,,,,,,,,,,,,,,,,,,,,,,,,,,,,,,,,,,,,,6.17021,0.534770763,2,5.2766,0.413283497,2,-0.156450922,0.006823136,,,,,,,,,,,,,,,,,,,,,,,,
138,38,JamesB.OˇŻSullivan,2021,19,Austrilia,Austrilia,145.0333333,-37.7,14.98749971,669.2849731,1.47,10.93333333,2.077333333,0.355524155,4.6,0-15,1,wheat,conventional,CO2,chamber,1,400,0,0,,,,,,,,,,,,,,,,,,,,,,,,,,,,,,,,,,,,,,,,,7.02128,0.608532816,2,5.74468,0.449945313,2,-0.200671328,0.006823136,,,,,,,,,,,,,,,,,,,,,,,,
139,38,JamesB.OˇŻSullivan,2021,19,Austrilia,Austrilia,145.0333333,-37.7,14.98749971,669.2849731,1.47,10.93333333,2.077333333,0.355524155,4.6,0-15,1,wheat,conventional,CO2,chamber,1,400,0,0,,,,,,,,,,,,,,,,,,,,,,,,,,,,,,,,,,,,,,,,,7.82979,0.678606202,2,6.12766,0.479941772,2,-0.245122742,0.006823136,,,,,,,,,,,,,,,,,,,,,,,,
140,38,JamesB.OˇŻSullivan,2021,19,Austrilia,Austrilia,145.0333333,-37.7,14.98749971,669.2849731,1.47,10.93333333,2.077333333,0.355524155,4.3,0-15,1,wheat,conventional,CO2,chamber,1,400,0,0,,,,,,,,,,,,,,,,,,,,,,,,,,,,,,,,,,,,,,,,,1.19149,0.10326618,2,1.48936,0.116652373,2,0.223141873,0.006823136,,,,,,,,,,,,,,,,,,,,,,,,
141,38,JamesB.OˇŻSullivan,2021,19,Austrilia,Austrilia,145.0333333,-37.7,14.98749971,669.2849731,1.47,10.93333333,2.077333333,0.355524155,4.3,0-15,1,wheat,conventional,CO2,chamber,1,400,0,0,,,,,,,,,,,,,,,,,,,,,,,,,,,,,,,,,,,,,,,,,5.02128,0.435193249,2,5.23404,0.409950035,2,0.041498565,0.006823136,,,,,,,,,,,,,,,,,,,,,,,,
142,38,JamesB.OˇŻSullivan,2021,19,Austrilia,Austrilia,145.0333333,-37.7,14.98749971,669.2849731,1.47,10.93333333,2.077333333,0.355524155,4.3,0-15,1,wheat,conventional,CO2,chamber,1,400,0,0,,,,,,,,,,,,,,,,,,,,,,,,,,,,,,,,,,,,,,,,,7.31915,0.634349144,2,6.85106,0.536601227,2,-0.066090816,0.006823136,,,,,,,,,,,,,,,,,,,,,,,,
143,38,JamesB.OˇŻSullivan,2021,19,Austrilia,Austrilia,145.0333333,-37.7,14.98749971,669.2849731,1.47,10.93333333,2.077333333,0.355524155,4.3,0-15,1,wheat,conventional,CO2,chamber,1,400,0,0,,,,,,,,,,,,,,,,,,,,,,,,,,,,,,,,,,,,,,,,,9.19149,0.796624446,2,8.7234,0.683250059,2,-0.052268986,0.006823136,,,,,,,,,,,,,,,,,,,,,,,,
144,38,JamesB.OˇŻSullivan,2021,19,Austrilia,Austrilia,145.0333333,-37.7,14.98749971,669.2849731,1.47,10.93333333,2.077333333,0.355524155,4.3,0-15,1,wheat,conventional,CO2,chamber,1,400,0,0,,,,,,,,,,,,,,,,,,,,,,,,,,,,,,,,,,,,,,,,,10.4681,0.907267958,2,10.8936,0.853228425,2,0.039842923,0.006823136,,,,,,,,,,,,,,,,,,,,,,,,
145,39,Rui Fang,2020,4,China,Asia,127.0166667,46.21666667,4.5,550,1.25,17.9,7.920233409,0.603154541,6.75,0-10,1,maize,conventional,CO2,OTCs,1,150,0,0,,,,,,,,,,,,,,,,,,,,,,,,,,,,,,,,,1916,52,3,1889,82,3,-0.014192091,0.000873644,,,,,,,,,,,,,,,,,,,,,,,,,,,,,,,,
146,39,Rui Fang,2020,4,China,Asia,127.0166667,46.21666667,4.5,550,1.25,17.9,7.920233409,0.603154541,6.75,0-10,1,maize,conventional,Temp,OTCs,0,0,1,2,,,,,,,,,,,,,,,,,,,,,,,,,,,,,,,,,1916,52,3,1806,44,3,-0.059125225,0.00044338,,,,,,,,,,,,,,,,,,,,,,,,,,,,,,,,
147,39,Rui Fang,2020,4,China,Asia,127.0166667,46.21666667,4.5,550,1.25,17.9,7.920233409,0.603154541,6.75,0-10,1,maize,conventional,CO2,OTCs,1,150,1,2,,,,,,,,,,,,,,,,,,,,,,,,,,,,,,,,,1806,44,3,1884,28,3,0.042282721,0.000271482,,,,,,,,,,,,,,,,,,,,,,,,,,,,,,,,
148,39,Rui Fang,2020,4,China,Asia,127.0166667,46.21666667,4.5,550,1.25,17.9,7.920233409,0.603154541,6.75,0-10,1,maize,conventional,Temp,OTCs,1,150,1,2,,,,,,,,,,,,,,,,,,,,,,,,,,,,,,,,,1889,82,3,1884,28,3,-0.002650412,0.000701746,,,,,,,,,,,,,,,,,,,,,,,,,,,,,,,,
149,39,Rui Fang,2020,4,China,Asia,127.0166667,46.21666667,4.5,550,1.25,18.5,7.920233409,0.603154541,7.67,0-10,1,maize,conventional,CO2,OTCs,1,150,0,0,,,,,,,,,,,,,,,,,,,,,,,,,,,,,,,,,2396,21,3,2362,59,3,-0.014291962,0.000233587,,,,,,,,,,,,,,,,,,,,,,,,,,,,,,,,
150,39,Rui Fang,2020,4,China,Asia,127.0166667,46.21666667,4.5,550,1.25,18.5,7.920233409,0.603154541,7.67,0-10,1,maize,conventional,Temp,OTCs,0,0,1,2,,,,,,,,,,,,,,,,,,,,,,,,,,,,,,,,,2396,21,3,2351,35,3,-0.018959911,9.95E-05,,,,,,,,,,,,,,,,,,,,,,,,,,,,,,,,
151,39,Rui Fang,2020,4,China,Asia,127.0166667,46.21666667,4.5,550,1.25,18.5,7.920233409,0.603154541,7.67,0-10,1,maize,conventional,CO2,OTCs,1,150,1,2,,,,,,,,,,,,,,,,,,,,,,,,,,,,,,,,,2351,35,3,2371,18,3,0.008471038,9.31E-05,,,,,,,,,,,,,,,,,,,,,,,,,,,,,,,,
152,39,Rui Fang,2020,4,China,Asia,127.0166667,46.21666667,4.5,550,1.25,18.5,7.920233409,0.603154541,7.67,0-10,1,maize,conventional,Temp,OTCs,1,150,1,2,,,,,,,,,,,,,,,,,,,,,,,,,,,,,,,,,2362,59,3,2371,18,3,0.003803089,0.000227192,,,,,,,,,,,,,,,,,,,,,,,,,,,,,,,,
153,39,Rui Fang,2020,4,China,Asia,127.0166667,46.21666667,4.5,550,1.25,19.8,7.920233409,0.603154541,8.04,0-10,1,maize,conventional,CO2,OTCs,1,150,0,0,,,,,,,,,,,,,,,,,,,,,,,,,,,,,,,,,2411,119,3,2349,105,3,-0.026051894,0.001478068,,,,,,,,,,,,,,,,,,,,,,,,,,,,,,,,
154,39,Rui Fang,2020,4,China,Asia,127.0166667,46.21666667,4.5,550,1.25,19.8,7.920233409,0.603154541,8.04,0-10,1,maize,conventional,Temp,OTCs,0,0,1,2,,,,,,,,,,,,,,,,,,,,,,,,,,,,,,,,,2411,119,3,2342,70,3,-0.029036334,0.001109825,,,,,,,,,,,,,,,,,,,,,,,,,,,,,,,,
155,39,Rui Fang,2020,4,China,Asia,127.0166667,46.21666667,4.5,550,1.25,19.8,7.920233409,0.603154541,8.04,0-10,1,maize,conventional,CO2,OTCs,1,150,1,2,,,,,,,,,,,,,,,,,,,,,,,,,,,,,,,,,2342,70,3,2260,15,3,-0.035640452,0.000312468,,,,,,,,,,,,,,,,,,,,,,,,,,,,,,,,
156,39,Rui Fang,2020,4,China,Asia,127.0166667,46.21666667,4.5,550,1.25,19.8,7.920233409,0.603154541,8.04,0-10,1,maize,conventional,Temp,OTCs,1,150,1,2,,,,,,,,,,,,,,,,,,,,,,,,,,,,,,,,,2349,105,3,2260,15,3,-0.038624892,0.00068071,,,,,,,,,,,,,,,,,,,,,,,,,,,,,,,,
157,39,Rui Fang,2020,4,China,Asia,127.0166667,46.21666667,4.5,550,1.25,16,7.920233409,0.603154541,6.38,0-10,1,maize,conventional,CO2,OTCs,1,150,0,0,,,,,,,,,,,,,,,,,,,,,,,,,,,,,,,,,2048,67,3,2053,95,3,0.002438431,0.001070507,,,,,,,,,,,,,,,,,,,,,,,,,,,,,,,,
158,39,Rui Fang,2020,4,China,Asia,127.0166667,46.21666667,4.5,550,1.25,16,7.920233409,0.603154541,6.38,0-10,1,maize,conventional,Temp,OTCs,0,0,1,2,,,,,,,,,,,,,,,,,,,,,,,,,,,,,,,,,2048,67,3,1954,25,3,-0.046985154,0.000411318,,,,,,,,,,,,,,,,,,,,,,,,,,,,,,,,
159,39,Rui Fang,2020,4,China,Asia,127.0166667,46.21666667,4.5,550,1.25,16,7.920233409,0.603154541,6.38,0-10,1,maize,conventional,CO2,OTCs,1,150,1,2,,,,,,,,,,,,,,,,,,,,,,,,,,,,,,,,,1954,25,3,2011,68,3,0.028753557,0.000435694,,,,,,,,,,,,,,,,,,,,,,,,,,,,,,,,
160,39,Rui Fang,2020,4,China,Asia,127.0166667,46.21666667,4.5,550,1.25,16,7.920233409,0.603154541,6.38,0-10,1,maize,conventional,Temp,OTCs,1,150,1,2,,,,,,,,,,,,,,,,,,,,,,,,,,,,,,,,,2053,95,3,2011,68,3,-0.020670027,0.001094883,,,,,,,,,,,,,,,,,,,,,,,,,,,,,,,,
161,40,Alireza Houshmandfar,2016,20,Austrilia,Austrilia,142.1166667,-36.75,11,322,1.355,7.55,1.4345,0.559173381,8.2,0-25,2,wheat,rainfed,CO2,FACE,1,160,0,0,,,,,,,,,,,,,,,,,,,,,,,,,,,,,,,,,,,,,,,,,,,,,,,,,,,,,,,,,5.784946667,0.107526667,4,6.946266667,0.236533333,4,0.182945204,0.000376255,653,33.26,4,866.5,24.95,4,0.28288498,0.000855846
162,40,Alireza Houshmandfar,2016,20,Austrilia,Austrilia,142.1166667,-36.75,11,322,1.355,7.55,1.4345,0.559173381,8.2,0-25,2,wheat,rainfed,CO2,FACE,1,160,0,0,,,,,,,,,,,,,,,,,,,,,,,,,,,,,,,,,,,,,,,,,,,,,,,,,,,,,,,,,6.107526667,0.107526667,4,6.924733333,0.107533333,4,0.125577653,0.000137776,595.9,36.68,4,759.1,16.32,4,0.242060653,0.001062776
163,40,Alireza Houshmandfar,2016,20,Austrilia,Austrilia,142.1166667,-36.75,11.4,108.2,1.355,7.55,1.4345,0.559173381,8.2,0-25,2,wheat,saving,CO2,FACE,1,160,0,0,,,,,,,,,,,,,,,,,,,,,,,,,,,,,,,,,,,,,,,,,,,,,,,,,,,,,,,,,2.430106667,0.258066667,4,2.752686667,0.172046667,4,0.124642252,0.003795982,178.3,32.07,4,212.6,38.68,4,0.175944941,0.016363241
164,40,Alireza Houshmandfar,2016,20,Austrilia,Austrilia,142.1166667,-36.75,11.4,108.2,1.355,7.55,1.4345,0.559173381,8.2,0-25,2,wheat,saving,CO2,FACE,1,160,0,0,,,,,,,,,,,,,,,,,,,,,,,,,,,,,,,,,,,,,,,,,,,,,,,,,,,,,,,,,2.73118,0.172046667,4,4.08602,0.516133333,4,0.402837641,0.004981035,181.8,36.96,4,182.3,19.41,4,0.0027465,0.013166873
165,41,Qiuying Tian,2012,21,China,Asia,116.4,40.18333333,12.12499952,498.5924988,1.306666667,6.633333333,1.935042745,0.704223785,5.3,0-15,1,wheat,conventional,CO2,OTCs,1,383,0,0,,,,,,,,,,,,,,,,,,,,,,,,,,,,,,,,,,,,,,,,,,,,,,,,,,,,,,,,,0.113415,0.006097,5,0.141463,0.008537,5,0.220984541,0.001306366,,,,,,,,
166,41,Qiuying Tian,2012,21,China,Asia,116.4,40.18333333,12.12499952,498.5924988,1.306666667,6.633333333,1.935042745,0.704223785,5.3,0-15,1,wheat,conventional,CO2,OTCs,1,383,0,0,,,,,,,,,,,,,,,,,,,,,,,,,,,,,,,,,,,,,,,,,,,,,,,,,,,,,,,,,0.178049,0.009756,5,0.195122,0.009756,5,0.091566211,0.001100464,,,,,,,,
167,42,Jian Jin,2022,19,Austrilia,Austrilia,142.0833333,-37.83333333,13.29791689,663.4724731,1.47,43,2.492977919,0.2,5.1,0-15,1,wheat,saving,CO2,chamber,1,400,0,0,,,,,,,,,,,,,,,,,,,,,,,,,26.6379,0.4311,4,27.3276,1.0345,4,0.025562167,0.000423738,,,,,,,,,,,,,,,,,,,,,,,,,0.4458867,0.0372323,4,0.807085,0.06696,4,0.593364107,0.003463941,,,,,,,,
168,42,Jian Jin,2022,19,Austrilia,Austrilia,142.0833333,-37.83333333,13.29791689,663.4724731,1.47,12.2,2.492977919,0.172,7,0-15,1,wheat,saving,CO2,chamber,1,400,0,0,,,,,,,,,,,,,,,,,,,,,,,,,9.22414,1.37926,4,5.60345,0.51724,4,-0.498441481,0.007719762,,,,,,,,,,,,,,,,,,,,,,,,,0.3166327,0.00539,4,0.4274353,0.0134457,4,0.300060505,0.000319825,,,,,,,,
169,43,Bo Gao,2021,5,China,Asia,119.7,32.58333333,25.3,195,1.2,24.8,3.113355239,0.54,6.9,0-20,3,rice,conventional,CO2,FACE,1,200,0,0,,,,,,,,,,,,,,,,,,,,,,,,,,,,,,,,,,,,,,,,,0.75,0.01,3,0.75,0.03,3,0,0.000592593,,,,,,,,,,,,,,,,,,,,,,,,
170,43,Bo Gao,2021,5,China,Asia,119.7,32.58333333,25.3,195,1.2,24.8,3.113355239,0.54,6.9,0-20,3,rice,conventional,CO2,FACE,1,200,0,0,,,,,,,,,,,,,,,,,,,,,,,,,,,,,,,,,,,,,,,,,0.98,0.02,3,1.01,0.03,3,0.030153038,0.00043292,,,,,,,,,,,,,,,,,,,,,,,,
171,43,Bo Gao,2021,5,China,Asia,119.7,32.58333333,25.3,195,1.2,24.8,3.113355239,0.54,6.9,0-20,3,rice,conventional,CO2,FACE,1,200,0,0,,,,,,,,,,,,,,,,,,,,,,,,,,,,,,,,,,,,,,,,,1.33,0.07,3,1.39,0.05,3,0.044124805,0.001354671,,,,,,,,,,,,,,,,,,,,,,,,
172,43,Bo Gao,2021,5,China,Asia,119.7,32.58333333,25.3,195,1.2,24.8,3.113355239,0.54,6.9,0-20,3,rice,conventional,CO2,FACE,1,200,0,0,,,,,,,,,,,,,,,,,,,,,,,,,,,,,,,,,,,,,,,,,3.81,0.03,3,3.91,0.09,3,0.025908185,0.000197275,,,,,,,,,,,,,,,,,,,,,,,,
173,43,Bo Gao,2021,5,China,Asia,119.7,32.58333333,25.3,195,1.2,24.8,3.113355239,0.54,6.9,0-20,3,rice,conventional,CO2,FACE,1,200,0,0,,,,,,,,,,,,,,,,,,,,,,,,,,,,,,,,,,,,,,,,,4.01,0.01,3,4.21,0.07,3,0.048671406,9.42E-05,,,,,,,,,,,,,,,,,,,,,,,,
174,43,Bo Gao,2021,5,China,Asia,119.7,32.58333333,25.3,195,1.2,24.8,3.113355239,0.54,6.9,0-20,3,rice,conventional,CO2,FACE,1,200,0,0,,,,,,,,,,,,,,,,,,,,,,,,,,,,,,,,,,,,,,,,,4.6,0.05,3,4.72,0.07,3,0.025752496,0.000112697,,,,,,,,,,,,,,,,,,,,,,,,
175,44,Madan Pal,2003,6,India,Asia,77.21,28.61,25,800,1.393333333,2.666666667,0.506666667,0.653876312,9.166666667,0-20,1,others,conventional,CO2,OTCs,1,240,0,0,,,,,,,,,,,,,,,,,,,,,,,,,,,,,,,,,,,,,,,,,5.1,0.01,3,5.7,0.01,3,0.111225635,2.31E-06,,,,,,,,,0.53,0.01,3,1.05,0.02,3,0.683668437,0.000239603,,,,,,,,
176,45,Jian Jin,2018,20,Austrilia,Austrilia,142.1166667,-36.75,14.80208302,430.8024902,1.29,48.9,9.291,0.593147522,4.5,0-10,8,legumes,rainfed,CO2,FACE,1,160,0,0,49.0909,1.2121,4,40.6061,1.5151,4,-0.18975538,0.000500459,2.47,0.086094278,4,2.42,0.072440392,4,-0.02045061,0.000527747,,,,,,,,,,,,,,,,,,,,,,,,,,,,,,,,,,,,,,,,,,,,,,,,,,,,,,,,
177,45,Jian Jin,2018,20,Austrilia,Austrilia,142.1166667,-36.75,14.80208302,430.8024902,1.29,48.9,9.291,0.593147522,4.5,0-10,8,wheat,rainfed,CO2,FACE,1,160,0,0,49.0909,1.2121,4,40.6061,1.5151,4,-0.18975538,0.000500459,2.77,0.096551073,4,3.13,0.093693565,4,0.122185684,0.000527747,,,,,,,,,,,,,,,,,,,,,,,,,,,,,,,,,,,,,,,,,,,,,,,,,,,,,,,,
178,45,Jian Jin,2018,20,Austrilia,Austrilia,142.1166667,-36.75,14.80208302,430.8024902,1.29,48.9,9.291,0.593147522,4.5,0-10,8,legumes,rainfed,CO2,FACE,1,160,0,0,49.0909,1.2121,4,40.6061,1.5151,4,-0.18975538,0.000500459,2.28,0.079471642,4,2.3,0.068848306,4,0.00873368,0.000527747,,,,,,,,,,,,,,,,,,,,,,,,,,,,,,,,,,,,,,,,,,,,,,,,,,,,,,,,
179,45,Jian Jin,2018,20,Austrilia,Austrilia,142.1166667,-36.75,14.80208302,430.8024902,1.29,48.9,9.291,0.593147522,4.5,0-10,8,wheat,rainfed,CO2,FACE,1,160,0,0,49.0909,1.2121,4,40.6061,1.5151,4,-0.18975538,0.000500459,2.31,0.080517321,4,2.04,0.061065454,4,-0.124297717,0.000527747,,,,,,,,,,,,,,,,,,,,,,,,,,,,,,,,,,,,,,,,,,,,,,,,,,,,,,,,
180,45,Jian Jin,2018,20,Austrilia,Austrilia,142.1166667,-36.75,14.80208302,430.8024902,1.29,48.9,9.291,0.593147522,4.5,0-10,8,others,rainfed,CO2,FACE,1,160,0,0,49.0909,1.2121,4,40.6061,1.5151,4,-0.18975538,0.000500459,6.6,0.230049489,4,6.91,0.206844259,4,0.045899989,0.000527747,,,,,,,,,,,,,,,,,,,,,,,,,,,,,,,,,,,,,,,,,,,,,,,,,,,,,,,,
181,45,Jian Jin,2018,20,Austrilia,Austrilia,142.1166667,-36.75,14.80208302,430.8024902,1.29,48.9,9.291,0.593147522,4.5,0-10,8,wheat,rainfed,CO2,FACE,1,160,0,0,49.0909,1.2121,4,40.6061,1.5151,4,-0.18975538,0.000500459,2.73,0.095156834,4,2.11,0.063160838,4,-0.257613662,0.000527747,,,,,,,,,,,,,,,,,,,,,,,,,,,,,,,,,,,,,,,,,,,,,,,,,,,,,,,,
182,45,Jian Jin,2018,20,Austrilia,Austrilia,142.1166667,-36.75,14.80208302,430.8024902,1.29,48.9,9.291,0.593147522,4.5,0-10,8,others,rainfed,CO2,FACE,1,160,0,0,49.0909,1.2121,4,40.6061,1.5151,4,-0.18975538,0.000500459,6.53,0.22760957,4,4.51,0.135002548,4,-0.37010979,0.000527747,,,,,,,,,,,,,,,,,,,,,,,,,,,,,,,,,,,,,,,,,,,,,,,,,,,,,,,,
183,45,Jian Jin,2018,20,Austrilia,Austrilia,142.1166667,-36.75,14.80208302,430.8024902,1.29,9.4,1.786,0.593147522,7.3,0-10,8,legumes,rainfed,CO2,FACE,1,160,0,0,39.0909,6.9697,4,33.3333,1.0606,4,-0.159332806,0.008200346,3.58,0.12478442,4,3.13,0.093693565,4,-0.134329796,0.000527747,,,,,,,,,,,,,,,,,,,,,,,,,,,,,,,,,,,,,,,,,,,,,,,,,,,,,,,,
184,45,Jian Jin,2018,20,Austrilia,Austrilia,142.1166667,-36.75,14.80208302,430.8024902,1.29,9.4,1.786,0.593147522,7.3,0-10,8,wheat,rainfed,CO2,FACE,1,160,0,0,39.0909,6.9697,4,33.3333,1.0606,4,-0.159332806,0.008200346,3.91,0.136286894,4,4.05,0.121232887,4,0.035179507,0.000527747,,,,,,,,,,,,,,,,,,,,,,,,,,,,,,,,,,,,,,,,,,,,,,,,,,,,,,,,
185,45,Jian Jin,2018,20,Austrilia,Austrilia,142.1166667,-36.75,14.80208302,430.8024902,1.29,9.4,1.786,0.593147522,7.3,0-10,8,legumes,rainfed,CO2,FACE,1,160,0,0,39.0909,6.9697,4,33.3333,1.0606,4,-0.159332806,0.008200346,2.52,0.087837078,4,2.13,0.063759518,4,-0.168136922,0.000527747,,,,,,,,,,,,,,,,,,,,,,,,,,,,,,,,,,,,,,,,,,,,,,,,,,,,,,,,
186,45,Jian Jin,2018,20,Austrilia,Austrilia,142.1166667,-36.75,14.80208302,430.8024902,1.29,9.4,1.786,0.593147522,7.3,0-10,8,wheat,rainfed,CO2,FACE,1,160,0,0,39.0909,6.9697,4,33.3333,1.0606,4,-0.159332806,0.008200346,2.7,0.094111155,4,2.7,0.080821925,4,0,0.000527747,,,,,,,,,,,,,,,,,,,,,,,,,,,,,,,,,,,,,,,,,,,,,,,,,,,,,,,,
187,45,Jian Jin,2018,20,Austrilia,Austrilia,142.1166667,-36.75,14.80208302,430.8024902,1.29,9.4,1.786,0.593147522,7.3,0-10,8,others,rainfed,CO2,FACE,1,160,0,0,39.0909,6.9697,4,33.3333,1.0606,4,-0.159332806,0.008200346,8.44,0.294184498,4,8.83,0.264317628,4,0.045172706,0.000527747,,,,,,,,,,,,,,,,,,,,,,,,,,,,,,,,,,,,,,,,,,,,,,,,,,,,,,,,
188,45,Jian Jin,2018,20,Austrilia,Austrilia,142.1166667,-36.75,14.80208302,430.8024902,1.29,9.4,1.786,0.593147522,7.3,0-10,8,wheat,rainfed,CO2,FACE,1,160,0,0,39.0909,6.9697,4,33.3333,1.0606,4,-0.159332806,0.008200346,3.55,0.12373874,4,3.18,0.095190267,4,-0.110066407,0.000527747,,,,,,,,,,,,,,,,,,,,,,,,,,,,,,,,,,,,,,,,,,,,,,,,,,,,,,,,
189,45,Jian Jin,2018,20,Austrilia,Austrilia,142.1166667,-36.75,14.80208302,430.8024902,1.29,9.4,1.786,0.593147522,7.3,0-10,8,others,rainfed,CO2,FACE,1,160,0,0,39.0909,6.9697,4,33.3333,1.0606,4,-0.159332806,0.008200346,6.59,0.229700929,4,7.62,0.228097432,4,0.145223021,0.000527747,,,,,,,,,,,,,,,,,,,,,,,,,,,,,,,,,,,,,,,,,,,,,,,,,,,,,,,,
190,45,Jian Jin,2018,20,Austrilia,Austrilia,142.1166667,-36.75,14.80208302,430.8024902,1.29,4.4,0.836,0.593147522,5.7,0-10,8,legumes,rainfed,CO2,FACE,1,160,0,0,54.2424,3.0303,4,40,1.3636,4,-0.304583436,0.001070781,2.65,0.092368355,4,2.63,0.078726542,4,-0.007575794,0.000527747,,,,,,,,,,,,,,,,,,,,,,,,,,,,,,,,,,,,,,,,,,,,,,,,,,,,,,,,
191,45,Jian Jin,2018,20,Austrilia,Austrilia,142.1166667,-36.75,14.80208302,430.8024902,1.29,4.4,0.836,0.593147522,5.7,0-10,8,wheat,rainfed,CO2,FACE,1,160,0,0,54.2424,3.0303,4,40,1.3636,4,-0.304583436,0.001070781,4.7,0.163823121,4,3.87,0.115844759,4,-0.194308002,0.000527747,,,,,,,,,,,,,,,,,,,,,,,,,,,,,,,,,,,,,,,,,,,,,,,,,,,,,,,,
192,45,Jian Jin,2018,20,Austrilia,Austrilia,142.1166667,-36.75,14.80208302,430.8024902,1.29,4.4,0.836,0.593147522,5.7,0-10,8,legumes,rainfed,CO2,FACE,1,160,0,0,54.2424,3.0303,4,40,1.3636,4,-0.304583436,0.001070781,2.29,0.079820202,4,2.04,0.061065454,4,-0.11560201,0.000527747,,,,,,,,,,,,,,,,,,,,,,,,,,,,,,,,,,,,,,,,,,,,,,,,,,,,,,,,
193,45,Jian Jin,2018,20,Austrilia,Austrilia,142.1166667,-36.75,14.80208302,430.8024902,1.29,4.4,0.836,0.593147522,5.7,0-10,8,others,rainfed,CO2,FACE,1,160,0,0,54.2424,3.0303,4,40,1.3636,4,-0.304583436,0.001070781,9.71,0.338451597,4,9.15,0.273896523,4,-0.059402403,0.000527747,,,,,,,,,,,,,,,,,,,,,,,,,,,,,,,,,,,,,,,,,,,,,,,,,,,,,,,,
194,45,Jian Jin,2018,20,Austrilia,Austrilia,142.1166667,-36.75,14.80208302,430.8024902,1.29,4.4,0.836,0.593147522,5.7,0-10,8,wheat,rainfed,CO2,FACE,1,160,0,0,54.2424,3.0303,4,40,1.3636,4,-0.304583436,0.001070781,2.77,0.096551073,4,2.8,0.083815329,4,0.010772097,0.000527747,,,,,,,,,,,,,,,,,,,,,,,,,,,,,,,,,,,,,,,,,,,,,,,,,,,,,,,,
195,45,Jian Jin,2018,20,Austrilia,Austrilia,142.1166667,-36.75,14.80208302,430.8024902,1.29,4.4,0.836,0.593147522,5.7,0-10,8,others,rainfed,CO2,FACE,1,160,0,0,54.2424,3.0303,4,40,1.3636,4,-0.304583436,0.001070781,8.77,0.305686973,4,8.4,0.251445988,4,-0.043105101,0.000527747,,,,,,,,,,,,,,,,,,,,,,,,,,,,,,,,,,,,,,,,,,,,,,,,,,,,,,,,
196,46,Jianjun Tang?,2008,22,China,Asia,120.1,30.3,16.5,1450,1.163333333,9.833333333,1.868333333,0.790728851,5.4,0-15,1,rice,saving,CO2,chamber,1,300,0,0,,,,,,,,,,,,,,,,,,,,,,,,,,,,,,,,,,,,,,,,,,,,,,,,,,,,,,,,,14.43525455,2.754836364,3,23.03036364,4.077090909,3,0.467140056,0.022586749,,,,,,,,
197,46,Jianjun Tang?,2008,22,China,Asia,120.1,30.3,16.5,1450,1.163333333,9.833333333,1.868333333,0.790728851,5.4,0-15,1,others,saving,CO2,chamber,1,300,0,0,,,,,,,,,,,,,,,,,,,,,,,,,,,,,,,,,,,,,,,,,,,,,,,,,,,,,,,,,27.54818182,4.077090909,3,28.42981818,4.517818182,3,0.031501993,0.015718786,,,,,,,,
198,46,Jianjun Tang?,2008,22,China,Asia,120.1,30.3,16.5,1450,1.163333333,9.833333333,1.868333333,0.790728851,5.4,0-15,1,rice,saving,CO2,chamber,1,300,0,0,,,,,,,,,,,,,,,,,,,,,,,,,,,,,,,,,23.5,2.3333,3,21.3333,1.1667,3,-0.096731189,0.004283093,,,,,,,,,,,,,,,,,13.99449091,4.077127273,3,21.48763636,4.297454545,3,0.428813971,0.041625496,,,,,,,,
199,46,Jianjun Tang?,2008,22,China,Asia,120.1,30.3,16.5,1450,1.163333333,9.833333333,1.868333333,0.790728851,5.4,0-15,1,others,saving,CO2,chamber,1,300,0,0,,,,,,,,,,,,,,,,,,,,,,,,,,,,,,,,,31.1667,3.6666,3,37.5,4.8333,3,0.184990716,0.010150805,,,,,,,,,,,,,,,,,26.66672727,3.636363636,3,26.22581818,3.526181818,3,-0.016672266,0.012224332,,,,,,,,
200,47,Xuechen Yang,2023,11,China,Asia,126.6333333,47.43333333,2.4,525,1.21,27.8,6.276096523,2.22,5.99,0-10,1,legumes,rainfed,Temp,chamber,0,0,1,1.8,,,,,,,,,,,,,,,,,114.265,10.588,3,89.1176,1.7648,3,-0.248563466,0.00299279,11.5932,1.017,3,10.0678,1.7288,3,-0.141076507,0.012393925,,,,,,,,,,,,,,,,,,,,,,,,,,,,,,,,,,,,,,,,
201,47,Xuechen Yang,2023,11,China,Asia,126.6333333,47.43333333,2.4,525,1.21,28.4,6.276096523,0.8,6.02,0-10,1,legumes,rainfed,Temp,chamber,0,0,1,1.8,,,,,,,,,,,,,,,,,89.1176,1.7648,3,101.912,8.823,3,0.13415285,0.002629113,10.0678,1.7288,3,16.7797,3.0508,3,0.51082761,0.020847658,,,,,,,,,,,,,,,,,,,,,,,,,,,,,,,,,,,,,,,,
202,48,Wenchao Du,2016,5,China,Asia,119.7,32.58333333,15,980,1.2,18.4,3.113355239,0.727892914,7.2,0-20,1,rice,conventional,CO2,FACE,1,200,0,0,,,,,,,,,,,,,,,,,,,,,,,,,,,,,,,,,,,,,,,,,3.065,0.283,3,3.25,0.195,3,0.058607427,0.004041781,,,,,,,,,91.4,9.7,3,117.6,4.5,3,0.252043557,0.004242385,404,52,3,553,48,3,0.313943124,0.008033706
203,49,U. SCHENK?,1997,23,Germany,Europe,10.86666667,52.45,19.4,604.1950073,1.18,17.23,7.121587204,0.673324554,6.6,0-20,2,others,conventional,CO2,OTCs,1,290,0,0,,,,,,,,,15.20958084,0.299401198,4,15.20958084,0.179640719,4,0,0.00013175,,,,,,,,,,,,,,,,,,,,,,,,,4.5,0.19,4,4.4,0.17,4,-0.022472856,0.000818871,,,,,,,,,,,,,,,,,,,,,,,,
204,49,U. SCHENK?,1997,23,Germany,Europe,10.86666667,52.45,19.4,604.1950073,1.18,17.23,7.121587204,0.673324554,6.6,0-20,2,legumes,conventional,CO2,OTCs,1,290,0,0,,,,,,,,,12.45508982,0.778443114,4,18.92215569,1.317365269,4,0.418204134,0.002188307,,,,,,,,,,,,,,,,,,,,,,,,,3.75,0.23,4,3.67,0.09,4,-0.021564178,0.001090791,,,,,,,,,,,,,,,,,,,,,,,,
205,49,U. SCHENK?,1997,23,Germany,Europe,10.86666667,52.45,16.7,604.1950073,1.18,17.23,7.121587204,0.673324554,6.6,0-20,2,others,conventional,CO2,OTCs,1,290,0,0,,,,,,,,,16.16766467,0.299401198,4,15.50898204,0.658682635,4,-0.041593897,0.000536681,,,,,,,,,,,,,,,,,,,,,,,,,5.85,0.16,4,5.29,0.08,4,-0.100623415,0.000244187,,,,,,,,,,,,,,,,,,,,,,,,
206,49,U. SCHENK?,1997,23,Germany,Europe,10.86666667,52.45,16.7,604.1950073,1.18,17.23,7.121587204,0.673324554,6.6,0-20,2,legumes,conventional,CO2,OTCs,1,290,0,0,,,,,,,,,16.58682635,0.479041916,4,23.05389222,0.359281437,4,0.329225828,0.000269245,,,,,,,,,,,,,,,,,,,,,,,,,5.52,0.04,4,6.37,0.04,4,0.143221609,2.30E-05,,,,,,,,,,,,,,,,,,,,,,,,
207,50,Kai Yang,2023,12,China,Asia,119.4333333,32.26666667,15.6,1100,1.113333333,9.52,1.8088,0.85,6.1,0-20,5,rice,conventional,CO2,OTCs,1,200,0,0,,,,,,,,,,,,,,,,,,,,,,,,,,,,,,,,,,,,,,,,,0.376543,0.012346,4,0.398765,0.019754,4,0.05734002,0.000882261,,,,,,,,,,,,,,,,,,,,,,,,
208,51,Tejaswini C. Rangaswamy,2021,24,India,Asia,75.56666667,13.96666667,24.15,940.5,1.4475,6.3,2.799385776,0.377828186,6.6,0-30,1,others,rainfed,CO2,OTCs,1,150,0,0,,,,,,,,,,,,,,,,,,,,,,,,,,,,,,,,,,,,,,,,,0.592105,0.131579,3,2.10526,0.19737,3,1.26851027,0.019390676,,,,,,,,,,,,,,,,,,,,,,,,
209,51,Tejaswini C. Rangaswamy,2021,24,India,Asia,75.56666667,13.96666667,24.15,940.5,1.4475,6.3,2.799385776,0.377828186,6.6,0-30,1,others,rainfed,Temp,OTCs,0,0,1,2,,,,,,,,,,,,,,,,,,,,,,,,,,,,,,,,,,,,,,,,,0.592105,0.131579,3,0.197368,0.06579,3,-1.098613978,0.053498721,,,,,,,,,,,,,,,,,,,,,,,,
210,51,Tejaswini C. Rangaswamy,2021,24,India,Asia,75.56666667,13.96666667,24.15,940.5,1.4475,6.3,2.799385776,0.377828186,6.6,0-30,1,others,rainfed,CO2,OTCs,1,150,1,2,,,,,,,,,,,,,,,,,,,,,,,,,,,,,,,,,,,,,,,,,0.197368,0.06579,3,1.64474,0.13158,3,2.12026759,0.039171147,,,,,,,,,,,,,,,,,,,,,,,,
211,51,Tejaswini C. Rangaswamy,2021,24,India,Asia,75.56666667,13.96666667,24.15,940.5,1.4475,6.3,2.799385776,0.377828186,6.6,0-30,1,others,rainfed,Temp,OTCs,1,150,1,2,,,,,,,,,,,,,,,,,,,,,,,,,,,,,,,,,,,,,,,,,2.10526,0.19737,3,1.64474,0.13158,3,-0.246856658,0.005063102,,,,,,,,,,,,,,,,,,,,,,,,
212,51,Tejaswini C. Rangaswamy,2021,24,India,Asia,75.56666667,13.96666667,24.15,940.5,1.4475,6.3,2.799385776,0.377828186,6.6,0-30,1,others,rainfed,CO2,OTCs,1,300,0,0,,,,,,,,,,,,,,,,,,,,,,,,,,,,,,,,,,,,,,,,,0.592105,0.131579,3,2.43421,0.13158,3,1.413693564,0.017434896,,,,,,,,,,,,,,,,,,,,,,,,
213,51,Tejaswini C. Rangaswamy,2021,24,India,Asia,75.56666667,13.96666667,24.15,940.5,1.4475,6.3,2.799385776,0.377828186,6.6,0-30,1,others,rainfed,Temp,OTCs,0,0,1,2,,,,,,,,,,,,,,,,,,,,,,,,,,,,,,,,,,,,,,,,,0.592105,0.131579,3,0.197368,0.06579,3,-1.098613978,0.053498721,,,,,,,,,,,,,,,,,,,,,,,,
214,51,Tejaswini C. Rangaswamy,2021,24,India,Asia,75.56666667,13.96666667,24.15,940.5,1.4475,6.3,2.799385776,0.377828186,6.6,0-30,1,others,rainfed,CO2,OTCs,1,300,1,2,,,,,,,,,,,,,,,,,,,,,,,,,,,,,,,,,,,,,,,,,0.197368,0.06579,3,1.18421,0.13158,3,1.791761158,0.041153083,,,,,,,,,,,,,,,,,,,,,,,,
215,51,Tejaswini C. Rangaswamy,2021,24,India,Asia,75.56666667,13.96666667,24.15,940.5,1.4475,6.3,2.799385776,0.377828186,6.6,0-30,1,others,rainfed,Temp,OTCs,1,300,1,2,,,,,,,,,,,,,,,,,,,,,,,,,,,,,,,,,,,,,,,,,2.43421,0.13158,3,1.18421,0.13158,3,-0.720546383,0.005089259,,,,,,,,,,,,,,,,,,,,,,,,
216,52,Jian Jin,2013,25,Austrilia,Austrilia,145.05,-37.72,15.07187462,697.7349854,1.355,0.55,0.1045,0.353498728,6.2,0-30,1,legumes,conventional,CO2,chamber,1,320,0,0,18.3784,0.9459,4,19.5946,0.4054,4,0.064077956,0.000769252,,,,,,,,,,,,,,,,,,,,,,,,,,,,,,,,,8.72727,0.31818,4,8.36364,0.18181,4,-0.042558867,0.000450436,8.91892,0.05405,4,9.24324,0.32433,4,0.035717611,0.000316979,,,,,,,,,,,,,,,,
217,52,Jian Jin,2013,25,Austrilia,Austrilia,145.05,-37.72,15.07187462,697.7349854,1.355,0.55,0.1045,0.353498728,6.2,0-30,1,wheat,conventional,CO2,chamber,1,320,0,0,21.3514,1.6216,4,25.1351,0.6757,4,0.163147964,0.001622702,,,,,,,,,,,,,,,,,,,,,,,,,,,,,,,,,8.54545,0.22728,4,9.13636,0.04546,4,0.066863079,0.000183034,6.91892,0.10811,4,7.24324,0.10811,4,0.045808932,0.000116731,,,,,,,,,,,,,,,,
218,53,Yaohong Zhang,2013,5,China,Asia,118.8333333,32.11666667,15.3,856,1.32,9.58,1.8202,0.728724579,6.3,0-20,2,wheat,conventional,Temp,OTCs,0,0,1,1,,,,,,,,,,,,,,,,,,,,,,,,,,,,,,,,,,,,,,,,,7.16418,0.38806,6,7.55224,0.41791,6,0.052750598,0.000999349,,,,,,,,,,,,,,,,,,,,,,,,
219,53,Yaohong Zhang,2013,5,China,Asia,118.8333333,32.11666667,15.3,856,1.32,9.58,1.8202,0.728724579,6.3,0-20,2,wheat,conventional,Temp,OTCs,0,0,1,1,,,,,,,,,,,,,,,,,,,,,,,,,,,,,,,,,,,,,,,,,9.61194,0.26866,6,10.2388,0.3284,6,0.06317835,0.000301664,,,,,,,,,,,,,,,,,,,,,,,,
220,54,Yansheng Li,2019,4,China,Asia,127.0166667,46.21666667,4.5,550,1.25,28.3,7.920233409,0.603154541,6.97,0-10,1,legumes,conventional,CO2,OTCs,1,160,0,0,,,,,,,,,,,,,,,,,,,,,,,,,,,,,,,,,,,,,,,,,13.33333,0.33334,3,14.5,1.375,3,0.083881734,0.003205765,7.91667,0.20833,3,8.375,0.16667,3,0.056280415,0.000362848,,,,,,,,,,,,,,,,
221,55,Zhiming Zhong,2024,26,China,Asia,91.35,29.68333333,7.9,425,1.23,31.75,3.489762787,0.8,7.14,0-5,4,others,rainfed,Temp,OTCs,0,0,1,2.4,57.1429,8.5714,4,48.5714,8.5715,4,-0.162520268,0.01341056,0.784314,0.039215,4,0.823529,0.039216,4,0.048789314,0.001191881,,,,,,,,,,,,,,,,,,,,,,,,,,,,,,,,,,,,,,,,,,,,,,,,,,,,,,,,
222,55,Zhiming Zhong,2024,26,China,Asia,91.35,29.68333333,7.9,425,1.23,31.75,3.489762787,0.8,7.14,0-5,4,others,rainfed,Temp,OTCs,0,0,1,2.4,65,9.2857,4,62.8571,19.2858,4,-0.033523374,0.028636616,0.803922,0.098039,4,0.862745,0.058823,4,0.070616917,0.004880174,,,,,,,,,,,,,,,,,,,,,,,,,,,,,,,,,,,,,,,,,,,,,,,,,,,,,,,,
223,56,Nimesha Fernando,2013,20,Austrilia,Austrilia,142.1166667,-36.75,,427,1.29,8.55,1.6245,0.593147522,7.45,0-10,3,wheat,rainfed,CO2,FACE,1,170,0,0,,,,,,,,,,,,,,,,,,,,,,,,,,,,,,,,,,,,,,,,,3.67039,0.06704,4,3.73743,0.06704,4,0.018100286,0.000163841,,,,,,,,,,,,,,,,,,,,,,,,
224,56,Nimesha Fernando,2013,20,Austrilia,Austrilia,142.1166667,-36.75,,427,1.29,8.55,1.6245,0.593147522,7.45,0-10,3,wheat,rainfed,CO2,FACE,1,170,0,0,,,,,,,,,,,,,,,,,,,,,,,,,,,,,,,,,,,,,,,,,3.55307,0.02235,4,3.61453,0.01675,4,0.017149815,1.53E-05,,,,,,,,,,,,,,,,,,,,,,,,
225,57,Sinto Aa,2022,8,India,Asia,77.28333333,29.06666667,26.5,750,1.483333333,1.3,2.04610771,0.636922882,7.5,0-15,1,wheat,saving,CO2,OTCs,1,300,0,0,,,,,,,,,,,,,,,,,,,,,,,,,,,,,,,,,,,,,,,,,2.36145,0.03614,3,4.18072,0.07229,3,0.571207643,0.000177735,,,,,,,,,29.3878,0.8163,3,36.5306,1.1225,3,0.217570643,0.000571914,,,,,,,,
226,57,Sinto Aa,2022,8,India,Asia,77.28333333,29.06666667,26.5,750,1.483333333,1.3,2.04610771,0.636922882,7.5,0-15,1,wheat,saving,CO2,OTCs,1,300,0,0,,,,,,,,,,,,,,,,,,,,,,,,,,,,,,,,,,,,,,,,,2.6506,0.14458,3,3.72289,0.0241,3,0.339714219,0.001005729,,,,,,,,,41.2245,0.2041,3,43.9796,0.5102,3,0.06469315,5.30E-05,,,,,,,,
227,57,Sinto Aa,2022,8,India,Asia,77.28333333,29.06666667,26.5,750,1.483333333,1.3,2.04610771,0.636922882,7.5,0-15,1,wheat,saving,CO2,OTCs,1,300,0,0,,,,,,,,,,,,,,,,,,,,,,,,,,,,,,,,,,,,,,,,,2.50602,0.10844,3,4.03614,0.03615,3,0.476592952,0.00065089,,,,,,,,,37.6531,0.5102,3,44.2857,1.9388,3,0.162246538,0.000700079,,,,,,,,
228,57,Sinto Aa,2022,8,India,Asia,77.28333333,29.06666667,26.5,750,1.483333333,1.3,2.04610771,0.636922882,7.5,0-15,1,wheat,saving,CO2,OTCs,1,300,0,0,,,,,,,,,,,,,,,,,,,,,,,,,,,,,,,,,,,,,,,,,2.77108,0.12049,3,3.48193,0.14458,3,0.228349602,0.001204925,,,,,,,,,42.1429,0.102,3,46.4286,0.2041,3,0.096849424,8.39E-06,,,,,,,,
229,57,Sinto Aa,2022,8,India,Asia,77.28333333,29.06666667,26.5,750,1.483333333,1.3,2.04610771,0.636922882,7.5,0-15,1,wheat,saving,CO2,OTCs,1,300,0,0,,,,,,,,,,,,,,,,,,,,,,,,,,,,,,,,,,,,,,,,,2.71084,0.03615,3,3.50602,0.21687,3,0.257222941,0.001334685,,,,,,,,,36.1224,0.1021,3,36.3265,0.5102,3,0.005634331,6.84E-05,,,,,,,,
230,57,Sinto Aa,2022,8,India,Asia,77.28333333,29.06666667,26.5,750,1.483333333,1.3,2.04610771,0.636922882,7.5,0-15,1,wheat,saving,CO2,OTCs,1,300,0,0,,,,,,,,,,,,,,,,,,,,,,,,,,,,,,,,,,,,,,,,,3.55422,0.03614,3,3.80723,0.12048,3,0.068766261,0.000368267,,,,,,,,,37.3469,0.8164,3,39.2857,0.3061,3,0.050610676,0.000179522,,,,,,,,
231,58,Zihao Liu,2023,11,China,Asia,127.0166667,46.21666667,3.919791698,532.1575317,1.25,17.25,7.920233409,0.68,5.59,0-10,1,maize,saving,CO2,OTCs,1,300,0,0,,,,,,,,,,,,,,,,,,,,,,,,,,,,,,,,,3.23077,0.42308,4,3.86538,0.36539,4,0.179339497,0.006521119,0.55,0.047668381,4,0.52,,4,-0.056089467,,,,,,,,,,151.7,13.17106735,4,145.9,12.0741461,4,-0.038983431,0.003596715,,,,,,,,
232,58,Zihao Liu,2023,11,China,Asia,127.0166667,46.21666667,3.919791698,532.1575317,1.25,17.25,7.920233409,0.68,5.59,0-10,1,maize,saving,Temp,OTCs,0,0,1,2,,,,,,,,,,,,,,,,,,,,,,,,,,,,,,,,,3.23077,0.42308,4,3.73077,0.36538,4,0.143894148,0.0066851,0.55,0.047668381,4,0.37,,4,-0.396415273,,,,,,,,,,151.7,13.17106735,4,111.3,9.210777666,4,-0.309675628,0.003596715,,,,,,,,
233,58,Zihao Liu,2023,11,China,Asia,127.0166667,46.21666667,3.919791698,532.1575317,1.25,17.25,7.920233409,0.68,5.59,0-10,1,maize,saving,CO2,OTCs,1,300,1,2,,,,,,,,,,,,,,,,,,,,,,,,,,,,,,,,,3.73077,0.36538,4,3.98077,0.09615,4,0.064860621,0.002543758,0.37,0.03206782,4,0.47,,4,0.239229689,,,,,,,,,,111.3,9.663413293,4,132.2,10.94038461,4,0.172086669,0.003596715,,,,,,,,
234,58,Zihao Liu,2023,11,China,Asia,127.0166667,46.21666667,3.919791698,532.1575317,1.25,17.25,7.920233409,0.68,5.59,0-10,1,maize,saving,Temp,OTCs,1,300,1,2,,,,,,,,,,,,,,,,,,,,,,,,,,,,,,,,,3.86538,0.36539,4,3.98077,0.09615,4,0.029415272,0.002379776,0.52,0.045068287,4,0.47,,4,-0.101096117,,,,,,,,,,145.9,12.66749326,4,132.2,10.94038461,4,-0.098605528,0.003596715,,,,,,,,
235,58,Zihao Liu,2023,11,China,Asia,127.0166667,46.21666667,3.919791698,532.1575317,1.25,17.25,7.920233409,0.7,5.89,0-10,1,wheat,saving,CO2,OTCs,1,300,0,0,,,,,,,,,,,,,,,,,,,,,,,,,,,,,,,,,2.90196,0.29412,4,3.62745,0.4902,4,0.223143551,0.007133518,0.04875,0.004225152,4,0.03584,,4,-0.307640609,,,,,,,,,,10.9,0.946372012,4,9.1,0.753082451,4,-0.180488376,0.003596715,,,,,,,,
236,58,Zihao Liu,2023,11,China,Asia,127.0166667,46.21666667,3.919791698,532.1575317,1.25,17.25,7.920233409,0.7,5.89,0-10,1,wheat,saving,Temp,OTCs,0,0,0,0,,,,,,,,,,,,,,,,,,,,,,,,,,,,,,,,,2.90196,0.29412,4,3.62745,0.37255,4,0.223143551,0.005205043,0.04875,0.004225152,4,0.04684,,4,-0.039967659,,,,,,,,,,10.9,0.946372012,4,13.2,1.092383335,4,0.19145404,0.003596715,,,,,,,,
237,58,Zihao Liu,2023,11,China,Asia,127.0166667,46.21666667,3.919791698,532.1575317,1.25,17.25,7.920233409,0.7,5.89,0-10,1,wheat,saving,CO2,OTCs,1,300,1,2,,,,,,,,,,,,,,,,,,,,,,,,,,,,,,,,,3.62745,0.37255,4,3.92157,0.43137,4,0.077962162,0.005661939,0.04684,0.004059613,4,0.03307,,4,-0.348111012,,,,,,,,,,13.2,1.146065188,4,9,0.744806819,4,-0.382992252,0.003596715,,,,,,,,
238,58,Zihao Liu,2023,11,China,Asia,127.0166667,46.21666667,3.919791698,532.1575317,1.25,17.25,7.920233409,0.7,5.89,0-10,1,wheat,saving,Temp,OTCs,1,300,1,2,,,,,,,,,,,,,,,,,,,,,,,,,,,,,,,,,3.62745,0.4902,4,3.92157,0.43137,4,0.077962162,0.007590414,0.03584,0.003106245,4,0.03307,,4,-0.080438061,,,,,,,,,,9.1,0.790090395,4,9,0.744806819,4,-0.011049836,0.003596715,,,,,,,,
240,60,Gong Wu,2023,28,China,Asia,116.35,37.6,12.9,500,1.5,8.4,1.981106202,0.720890533,8.166666667,0-20,2,maize,conventional,Temp,infrared heater,0,0,1,3.5,,,,,,,,,,,,,,,,,,,,,,,,,,,,,,,,,,,,,,,,,,,,,,,,,,,,,,,,,3.91139,0.1519,3,2.12658,0.41772,3,-0.609377754,0.013364055,,,,,,,,
241,60,Gong Wu,2023,28,China,Asia,116.35,37.6,12.9,500,1.5,8.4,1.981106202,0.720890533,8.166666667,0-20,2,maize,conventional,Temp,infrared heater,0,0,1,3.5,,,,,,,,,,,,,,,,,,,,,,,,,,,,,,,,,,,,,,,,,,,,,,,,,,,,,,,,,4.27215,0.64557,3,2.65823,0.53164,3,-0.474456726,0.020944571,,,,,,,,
242,61,Chuang Zhang,2021,29,China,Asia,114.6833333,37.88333333,12,460,1.3,15,2.85,0.753759888,8,0-10,9,wheat,conventional,Temp,infrared heater,0,0,1,1.5,,,,,,,,,,,,,,,,,214.433,2.474,3,177.32,8.659,3,-0.190041325,0.000839245,,,,,,,,,,,,,,,,,,,,,,,,,,,,,,,,,,,,,,,,,,,,,,,,
243,61,Chuang Zhang,2021,29,China,Asia,114.6833333,37.88333333,12,460,1.3,15,2.85,0.753759888,8,0-10,9,wheat,conventional,Temp,infrared heater,0,0,1,1.5,,,,,,,,,,,,,,,,,209.485,2.474,3,200.825,3.711,3,-0.042218256,0.000160313,,,,,,,,,,,,,,,,,,,,,,,,,,,,,,,,,,,,,,,,,,,,,,,,
244,62,James B. O'Sullivan,2020,30,Austrilia,Austrilia,142.1166667,-37.7,13.36458325,629.0925293,1.58,38,2.560360271,0.364437485,5,0-15,1,wheat,saving,CO2,chamber,1,400,0,0,4.15,0.529007709,4,4.48,0.472419625,4,0.076514712,0.006842229,,,,,,,,,470.909,38.182,4,489.091,27.273,4,0.037883697,0.002420919,41.3,3.599135088,4,42.2,3.622452894,4,0.021557721,0.003740743,,,,,,,,,2.31,0.200207199,4,1.7,,4,-0.306619273,,1.04,0.081606116,4,0.91,0.05961019,4,-0.133531393,0.002612033,,,,,,,,,,,,,,,,
245,62,James B. O'Sullivan,2020,30,Austrilia,Austrilia,142.1166667,-37.7,13.36458325,629.0925293,1.58,38,2.560360271,0.364437485,5,0-15,1,wheat,saving,CO2,chamber,1,400,0,0,4.19,0.534106579,4,4.98,0.52514503,4,0.172729157,0.006842229,,,,,,,,,463.636,9.091,4,410.909,85.455,4,-0.120727983,0.010908558,40.5,3.529418186,4,40.2,3.450772662,4,-0.007434978,0.003740743,,,,,,,,,2.68,0.232275019,4,2.63,,4,-0.018832948,,1.04,0.081606116,4,0.96,0.062885475,4,-0.080042708,0.002612033,,,,,,,,,,,,,,,,
246,62,James B. O'Sullivan,2020,30,Austrilia,Austrilia,142.1166667,-37.7,13.36458325,629.0925293,1.58,38,2.560360271,0.364437485,5,0-15,1,legumes,saving,CO2,chamber,1,400,0,0,4.62,0.588919426,4,4.38,0.461874545,4,-0.053345981,0.006842229,,,,,,,,,896.364,67.272,4,1283.64,70.91,4,0.359108491,0.002171022,42.6,3.712425054,4,41.4,3.553780801,4,-0.028573372,0.003740743,,,,,,,,,1.42,0.123071092,4,1.92,,4,0.301668314,,0.84,0.065912632,4,1.07,0.070091103,4,0.242012036,0.002612033,,,,,,,,,,,,,,,,
247,62,James B. O'Sullivan,2020,30,Austrilia,Austrilia,142.1166667,-37.7,13.36458325,629.0925293,1.58,38,2.560360271,0.364437485,5,0-15,1,legumes,saving,CO2,chamber,1,400,0,0,4.14,0.527732992,4,3.8,0.400713075,4,-0.085694721,0.006842229,,,,,,,,,529.091,3.636,4,540,52.727,4,0.0204087,0.002395326,37.3,3.250550576,4,40.4,3.467940685,4,0.079836458,0.003740743,,,,,,,,,2.74,0.237475206,4,2.31,,4,-0.170710396,,1.32,0.103576993,4,1.23,0.080572015,4,-0.070617567,0.002612033,,,,,,,,,,,,,,,,
248,62,James B. O'Sullivan,2020,30,Austrilia,Austrilia,142.1166667,-37.7,13.36458325,629.0925293,1.58,38,2.560360271,0.364437485,5,0-15,1,others,saving,CO2,chamber,1,400,0,0,3.52,0.448700515,4,4.42,0.466092577,4,0.227678706,0.006842229,,,,,,,,,538.182,3.636,4,512.727,21.818,4,-0.048453253,0.000464098,41.4,3.607849701,4,41.7,3.579532836,4,0.007220248,0.003740743,,,,,,,,,1.78,0.154272214,4,2.28,,4,0.247562079,,1.88,0.147518747,4,1.97,0.129046236,4,0.046761766,0.002612033,,,,,,,,,,,,,,,,
249,63,Jos¨¦ M. Moutinho-Pereira,2009,31,Portugue,Europe,-7.733333333,41.28333333,19.2,670.6,1.2,29.7,6.954469283,0.507988586,5.166666667,0-15,3,others,rainfed,Temp,OTCs,0,0,1,4.1,,,,,,,,,,,,,,,,,,,,,,,,,,,,,,,,,,,,,,,,,1.63,0.18,6,1.63,0.08,6,0,0.002433914,,,,,,,,,,,,,,,,,,,,,,,,
250,64,Elizabeth A. Ainsworth,2024,32,United States,North America,-88.2,40.05,30,280,1.4,28.7,3.15492068,0.616433533,6.4,0-10,4,legumes,rainfed,CO2,FACE,1,170,0,0,15.5435,3.6956,4,17.3913,0.7609,4,0.112327536,0.014610836,,,,,,,,,,,,,,,,,,,,,,,,,,,,,,,,,,,,,,,,,,,,,,,,,,,,,,,,,,,,,,,,
251,64,Elizabeth A. Ainsworth,2024,32,United States,North America,-88.2,40.05,30,280,1.4,28.7,3.15492068,0.616433533,6.4,0-10,4,legumes,rainfed,CO2,FACE,1,170,0,0,15.8696,2.1739,4,18.3696,1.3043,4,0.146291795,0.005951598,,,,,,,,,,,,,,,,,,,,,,,,,,,,,,,,,,,,,,,,,,,,,,,,,,,,,,,,,,,,,,,,
252,64,Elizabeth A. Ainsworth,2024,32,United States,North America,-88.2,40.05,30,280,1.4,28.7,3.15492068,0.616433533,6.4,0-10,4,legumes,rainfed,CO2,FACE,1,170,0,0,13.2609,1.6304,4,11.9565,0.5435,4,-0.103544792,0.00429562,,,,,,,,,,,,,,,,,,,,,,,,,,,,,,,,,,,,,,,,,,,,,,,,,,,,,,,,,,,,,,,,
253,64,Elizabeth A. Ainsworth,2024,32,United States,North America,-88.2,40.05,30,280,1.4,28.7,3.15492068,0.616433533,6.4,0-10,4,legumes,rainfed,CO2,FACE,1,170,0,0,14.1304,2.1739,4,17.9348,1.7391,4,0.238414455,0.008267812,,,,,,,,,,,,,,,,,,,,,,,,,,,,,,,,,,,,,,,,,,,,,,,,,,,,,,,,,,,,,,,,
254,65,William T. Hay,2022,33,United States,North America,-89.6,40.71666667,11.10937548,964.3800049,1.423333333,13.93333333,2.647333333,0.566342377,6.366666667,0-15,1,wheat,conventional,CO2,chamber,1,580,0,0,,,,,,,,,,,,,,,,,,,,,,,,,,,,,,,,,,,,,,,,,4.79051,0.13439,3,4.64822,0.11067,3,-0.030152527,0.000451289,,,,,,,,,,,,,,,,,,,,,,,,
255,66,Hamada AbdElgawad,2023,34,Egypt,Africa,31.21238,30.01675,22.22604132,23.24500084,1.426666667,6.566666667,1.247666667,0.694109009,8.1,0-15,1,wheat,saving,CO2,chamber,1,210,0,0,,,,,,,,,,,,,,,,,,,,,,,,,,,,,,,,,,,,,,,,,42.1,3.7,4,64.2,12.8,4,0.42195547,0.011868778,,,,,,,,,,,,,,,,,,,,,,,,
256,66,Hamada AbdElgawad,2023,34,Egypt,Africa,31.21238,30.01675,22.22604132,23.24500084,1.426666667,6.566666667,1.247666667,0.694109009,8.1,0-15,1,wheat,saving,CO2,chamber,1,210,0,0,,,,,,,,,,,,,,,,,,,,,,,,,,,,,,,,,,,,,,,,,43.42,2.2,4,63.3,3.8,4,0.376965165,0.001542757,,,,,,,,,,,,,,,,,,,,,,,,
257,66,Hamada AbdElgawad,2023,34,Egypt,Africa,31.21238,30.01675,22.22604132,23.24500084,1.426666667,6.566666667,1.247666667,0.694109009,8.1,0-15,1,wheat,saving,CO2,chamber,1,210,0,0,,,,,,,,,,,,,,,,,,,,,,,,,,,,,,,,,,,,,,,,,83.3,1.39,4,64.9,7,4,-0.249600925,0.002977961,,,,,,,,,,,,,,,,,,,,,,,,
258,66,Hamada AbdElgawad,2023,34,Egypt,Africa,31.21238,30.01675,22.22604132,23.24500084,1.426666667,6.566666667,1.247666667,0.694109009,8.1,0-15,1,wheat,saving,CO2,chamber,1,210,0,0,,,,,,,,,,,,,,,,,,,,,,,,,,,,,,,,,,,,,,,,,62.9,5.07,4,66.59,2.1,4,0.057008252,0.001872891,,,,,,,,,,,,,,,,,,,,,,,,
259,66,Hamada AbdElgawad,2023,34,Egypt,Africa,31.21238,30.01675,22.22604132,23.24500084,1.426666667,6.566666667,1.247666667,0.694109009,8.1,0-15,1,wheat,saving,CO2,chamber,1,210,0,0,,,,,,,,,,,,,,,,,,,,,,,,,,,,,,,,,,,,,,,,,39.08,1.7,4,60.86,3.7,4,0.442965317,0.00139709,,,,,,,,,,,,,,,,,,,,,,,,
260,66,Hamada AbdElgawad,2023,34,Egypt,Africa,31.21238,30.01675,22.22604132,23.24500084,1.426666667,6.566666667,1.247666667,0.694109009,8.1,0-15,1,wheat,saving,CO2,chamber,1,210,0,0,,,,,,,,,,,,,,,,,,,,,,,,,,,,,,,,,,,,,,,,,38.67,3.7,4,53.8,4.4,4,0.330209362,0.003960904,,,,,,,,,,,,,,,,,,,,,,,,
261,67,S. Seneweera,1996,35,Australia,Australia,150.7,-33.91666667,25,806.6824951,1.29,8.533333333,4.979167798,0.345112335,2.733333333,0-15,1,wheat,conventional,CO2,chamber,1,350,0,0,,,,,,,,,,,,,,,,,,,,,,,,,,,,,,,,,,,,,,,,,2.04746,0.04068,5,2.13559,0.05424,5,0.042142955,0.000207965,,,,,,,,,,,,,,,,,,,,,,,,
262,69,Panpan Zhao,2024,37,China,Asia,113.8666667,23.33333333,22.5,1386.3,1.3,3.77,5.57451615,0.44,5.57,0-10,1,others,rainfed,Temp,infrared heater,0,0,1,1.59,,,,,,,,,,,,,,,,,,,,,,,,,,,,,,,,,5.91,0.12,5,5.64,0.11,5,-0.046761766,0.000158533,,,,,,,,,,,,,,,,,,,,,,,,,,,,,,,,
263,70,Na Zhou,2024,38,China,Asia,116.1333333,40.13333333,17.9,517.8,1.29,8.18,1.5542,0.704223785,8.7,0-15,15,wheat,conventional,CO2,FACE,1,135,0,0,6.7641,0.3452,6,7.6665,0.3189,6,0.125230973,0.000722459,0.1799,0.0048,6,0.1594,0.0041,6,-0.120984375,0.000228916,,,,,,,,,16.9478,1.1006,6,23.4651,1.9066,6,0.325376179,0.00180321,1.2785,0.1744,6,1.1971,0.1706,6,-0.06578555,0.006486176,,,,,,,,,,,,,,,,,,,,,,,,,,,,,,,,
264,71,Zehua Gong,2021,39,China,Asia,112.55,37.42,10,450,1.31,13.7,2.603,0.674579559,8.3,0-15,3,others,saving,CO2,OTCs,1,200,0,0,,,,,,,,,,,,,,,,,,,,,,,,,,,,,,,,,,,,,,,,,2.99,0.13,10,3.32,0.21,10,0.104691396,0.00058913,,,,,,,,,700.99,57.426,10,920.792,29.703,10,0.272740548,0.000775168,214.019,31.775,10,248.598,17.757,10,0.149772338,0.002714483
265,72,Yurong Yang,2022,40,China,Asia,130.5,47.58,3.3,579.9,1.26,19.36666667,6.905330552,0.626262299,8.3,0-20,8,legumes,rainfed,Temp,chamber,0,0,1,3.1,,,,,,,,,,,,,,,,,,,,,,,,,,,,,,,,,2.01515,0.08333,5,2.06061,0.04545,5,0.022308421,0.000439292,,,,,,,,,,,,,,,,,,,,,,,,,,,,,,,,
266,72,Yurong Yang,2022,40,China,Asia,130.5,47.58,3.3,579.9,1.26,19.36666667,6.905330552,0.626262299,8.3,0-20,8,legumes,rainfed,Temp,chamber,0,0,1,5.2,,,,,,,,,,,,,,,,,,,,,,,,,,,,,,,,,2.01515,0.08333,5,2.39394,0.10606,5,0.17224691,0.000734554,,,,,,,,,,,,,,,,,,,,,,,,,,,,,,,,
267,73,Miaomiao Zhang,2022,41,China,Asia,118.7,32.2,15.5,1062,1.54,6.64,2.445766162,0.728724579,6.53,0-20,7,wheat,conventional,Temp,infrared heater,0,0,1,1.7,73.06,7.42,3,61.46,5.72,3,-0.172894465,0.006325428,,,,,,,,,,,,,,,,,,,,,,,,,,,,,,,,,,,,,,,,,,,,,,,,,,,,,,,,,,,,,,,,
268,74,Yu Wang,2023,5,China,Asia,119.7,32.58333333,15.52187538,1001.4375,1.2,18.4,3.113355239,0.63,6.82,0-20,15,rice,saving,CO2,FACE,1,200,0,0,8.1106,1.10599,3,15.6682,3.5945,3,0.658461332,0.023741888,,,,,,,,,12.8889,1.5555,3,14.2222,2.6667,3,0.098437648,0.016574055,,,,,,,,,2.66667,1.55555,3,5.11111,2,3,0.650586099,0.164464552,,,,,,,,,,,,,,,,,,,,,,,,,,,,,,,,
269,74,Yu Wang,2023,5,China,Asia,120.55,31.5,16.10729218,952.3150024,1.203333333,16,3.292933395,0.9,7,0-20,15,rice,saving,CO2,FACE,1,200,0,0,30.8756,4.0553,3,23.0415,0.4608,3,-0.29266929,0.005883661,,,,,,,,,12.8889,1.5555,3,17.1111,2.6667,3,0.2833609,0.012950989,,,,,,,,,10,1.5556,3,24.2222,6.2222,3,0.884684475,0.030062092,,,,,,,,,,,,,,,,,,,,,,,,,,,,,,,,
270,75,Xiaojin Xie,2018,42,China,Asia,118.8333333,32.11666667,16.6,1100,1.32,9.28,1.7632,0.728724579,6.3,0-20,1,maize,rainfed,CO2,OTCs,1,170,0,0,,,,,,,,,,,,,,,,,,,,,,,,,,,,,,,,,,,,,,,,,,,,,,,,,,,,,,,,,24.2676,2.106988755,3,25.3162,2.095075378,3,0.04230238,0.004795621,,,,,,,,
271,75,Xiaojin Xie,2018,42,China,Asia,118.8333333,32.11666667,16.6,1100,1.32,9.28,1.7632,0.728724579,6.3,0-20,1,maize,rainfed,CO2,OTCs,1,370,0,0,,,,,,,,,,,,,,,,,,,,,,,,,,,,,,,,,,,,,,,,,,,,,,,,,,,,,,,,,24.2676,2.106988755,3,27.1864,2.249846235,3,0.113574721,0.004795621,,,,,,,,
272,76,Jian Jin,2015,30,Australia,Australia,142.1833333,-36.7,13.2,540,1.376,7.8,1.482,0.114,7.7,0-60,1,legumes,conventional,CO2,FACE,1,180,0,0,,,,,,,,,,,,,,,,,,,,,,,,,,,,,,,,,,,,,,,,,10.9091,0.4545,4,11.0227,0.9091,4,0.010359479,0.002134482,1.26271,0.08475,4,1.23729,0.06779,4,-0.020336701,0.001876653,,,,,,,,,,,,,,,,
273,76,Jian Jin,2015,30,Australia,Australia,142.1833333,-36.7,13.2,540,1.376,7.8,1.482,0.114,7.7,0-60,1,legumes,conventional,CO2,FACE,1,180,0,0,,,,,,,,,,,,,,,,,,,,,,,,,,,,,,,,,,,,,,,,,24.0909,0.9091,4,28.5227,1.4773,4,0.168866086,0.001026656,1.85593,0.09322,4,1.77119,0.07627,4,-0.046734281,0.00109429,,,,,,,,,,,,,,,,
274,77,Periyasamy Panneerselvam,2019,43,India,Asia,85.91666667,20.41666667,27.2229166,1656.5625,1.503333333,9.533333333,2.322292909,0.525414093,6.94,0-15,1,rice,conventional,CO2,OTCs,1,150,0,0,22.7,2.893608435,5,19.1,2.434710181,5,-0.172676589,0.006499618,,,,,,,,,40.5,3.712820265,5,42.5,4.699569391,5,0.048202102,0.004126349,,,,,,,,,25.0725,5.2174,5,25.942,7.6812,5,0.034091649,0.02619451,0.248148,0.021506933,5,0.181481,,5,-0.312874377,,,,,,,,,,,,,,,,,,,,,,,,,
275,77,Periyasamy Panneerselvam,2019,43,India,Asia,85.91666667,20.41666667,27.2229166,1656.5625,1.503333333,9.533333333,2.322292909,0.525414093,6.94,0-15,1,rice,conventional,CO2,OTCs,1,300,0,0,22.7,2.893608435,5,23.4,2.982838651,5,0.030371098,0.006499618,,,,,,,,,40.5,3.712820265,5,40.6,4.489470995,5,0.002466092,0.004126349,,,,,,,,,25.0725,5.2174,5,35.942,4.058,5,0.3601349,0.011209969,0.248148,0.021506933,5,0.3,,5,0.189757132,,,,,,,,,,,,,,,,,,,,,,,,,
276,78,Shu Kee Lam,2012,20,Australia,Australia,142.1666667,-36.71666667,14.86875057,427,1.32,10,1.9,0.568696899,8.6,0-20,1,legumes,conventional,CO2,chamber,1,310,0,0,,,,,,,,,1.09,0.037993022,4,2.02,0.060466773,4,0.616919815,0.000527747,,,,,,,,,,,,,,,,,,,,,,,,,,,,,,,,,,,,,,,,,2.26,0.196220252,4,2.91,0.240820872,4,0.252788268,0.003596715,1.43,0.102030984,4,1.88,0.115501609,4,0.273597333,0.002216345
277,78,Shu Kee Lam,2012,20,Australia,Australia,142.1666667,-36.71666667,14.86875057,427,1.32,10,1.9,0.568696899,8.6,0-20,1,legumes,conventional,CO2,chamber,1,310,0,0,,,,,,,,,3.27,0.113979065,4,5.76,0.172420106,4,0.56614749,0.000527747,,,,,,,,,,,,,,,,,,,,,,,,,,,,,,,,,,,,,,,,,2.74,0.23789535,4,3.81,0.315301554,4,0.329671269,0.003596715,2.54,0.18122986,4,4.32,0.265407953,4,0.531091321,0.002216345
278,78,Shu Kee Lam,2012,20,Australia,Australia,142.1666667,-36.71666667,14.86875057,427,1.32,10,1.9,0.568696899,8.6,0-20,1,legumes,conventional,CO2,chamber,1,310,0,0,,,,,,,,,2.01,0.070060526,4,2.97,0.088904117,4,0.390427231,0.000527747,,,,,,,,,,,,,,,,,,,,,,,,,,,,,,,,,,,,,,,,,2.04,0.177119165,4,2.52,0.208545909,4,0.211309094,0.003596715,2.32,0.165532785,4,2.75,0.168951822,4,0.170033726,0.002216345
279,78,Shu Kee Lam,2012,20,Australia,Australia,142.1666667,-36.71666667,14.86875057,427,1.32,10,1.9,0.568696899,8.6,0-20,1,legumes,conventional,CO2,chamber,1,310,0,0,,,,,,,,,5.55,0.193450707,4,8.58,0.256834117,4,0.435635986,0.000527747,,,,,,,,,,,,,,,,,,,,,,,,,,,,,,,,,,,,,,,,,2.64,0.229213038,4,3.79,0.313646427,4,0.361587102,0.003596715,7.49,0.534414036,4,9.1,0.559076937,4,0.194705616,0.002216345
280,79,Narendra K. Lenka,2019,44,India,Asia,77.41666667,23.25,26.00312519,1174.47998,1.44,11.33333333,2.153333333,0.596922394,8,0-20,1,legumes,rainfed,CO2,OTCs,1,140,0,0,,,,,,,,,,,,,,,,,,,,,,,,,,,,,,,,,,,,,,,,,7.88571,1.25715,4,12.8571,1.6,4,0.488843927,0.010225417,,,,,,,,,3.4895875,0.4947875,4,4.8958375,0.703125,4,0.33860182,0.010182532,1450,233.33,4,2033.33,283.34,4,0.338111287,0.01132804
281,79,Narendra K. Lenka,2019,44,India,Asia,77.41666667,23.25,26.00312519,1174.47998,1.44,11.33333333,2.153333333,0.596922394,8,0-20,1,legumes,rainfed,CO2,OTCs,1,140,0,0,,,,,,,,,,,,,,,,,,,,,,,,,,,,,,,,,,,,,,,,,9.94286,1.02854,4,14.8571,0.7429,4,0.40162316,0.003300297,,,,,,,,,3.9322875,0.2864625,4,5.46875,0.2083375,4,0.329828754,0.001689564,1575,125,4,2516.67,125,4,0.468681327,0.002191452
282,79,Narendra K. Lenka,2019,44,India,Asia,77.41666667,23.25,26.00312519,1174.47998,1.44,11.33333333,2.153333333,0.596922394,8,0-20,1,legumes,rainfed,CO2,OTCs,1,140,0,0,,,,,,,,,,,,,,,,,,,,,,,,,,,,,,,,,,,,,,,,,10.4571,1.8286,4,15.7143,0.4571,4,0.407289952,0.007856133,,,,,,,,,4.1145875,0.546875,4,6.875,0.7291625,4,0.513353057,0.007228532,1733.33,200,4,2633.33,108.34,4,0.418204791,0.003751578
283,79,Narendra K. Lenka,2019,44,India,Asia,77.41666667,23.25,26.00312519,1174.47998,1.44,11.33333333,2.153333333,0.596922394,8,0-20,1,legumes,rainfed,CO2,OTCs,1,140,0,0,,,,,,,,,,,,,,,,,,,,,,,,,,,,,,,,,,,,,,,,,13.4286,1.0285,4,16.5714,1.2,4,0.210291557,0.002777461,,,,,,,,,5.0520875,0.208325,4,6.5885375,0.416675,4,0.265529873,0.001424991,2033.33,75,4,2575,183.33,4,0.236174691,0.001607353
284,80,Karnena Koteswara Rao,2024,45,India,Asia,85.08333333,25.58333333,26,1100,1.3675,6,2.465717971,0.620202616,7.3,0-30,13,wheat,conventional,CO2,OTCs,1,100,0,0,31.4,4.002612549,3,28.3,2.984257902,3,-0.103946088,0.009122972,,,,,,,,,,,,,,,,,,,,,,,,,,,,,,,,,1.9,0.164672588,3,2.1,,3,0.100083459,,,,,,,,,,,,,,,,,,,,,,,,,
285,80,Karnena Koteswara Rao,2024,45,India,Asia,85.08333333,25.58333333,26,1100,1.3675,6,2.465717971,0.620202616,7.3,0-30,13,wheat,conventional,Temp,OTCs,0,0,1,2,31.4,4.002612549,3,26.7,2.815536607,3,-0.162144328,0.009122972,,,,,,,,,,,,,,,,,,,,,,,,,,,,,,,,,1.9,0.164672588,3,1.5,,3,-0.236388778,,,,,,,,,,,,,,,,,,,,,,,,,
286,80,Karnena Koteswara Rao,2024,45,India,Asia,85.08333333,25.58333333,26,1100,1.3675,6,2.465717971,0.620202616,7.3,0-30,13,wheat,conventional,CO2,OTCs,1,100,1,2,26.7,3.403495384,3,24,2.530819422,3,-0.106609735,0.009122972,,,,,,,,,,,,,,,,,,,,,,,,,,,,,,,,,1.5,0.130004675,3,1.7,,3,0.125163143,,,,,,,,,,,,,,,,,,,,,,,,,
287,80,Karnena Koteswara Rao,2024,45,India,Asia,85.08333333,25.58333333,26,1100,1.3675,6,2.465717971,0.620202616,7.3,0-30,13,wheat,conventional,Temp,OTCs,1,100,1,2,28.3,3.607450163,3,24,2.530819422,3,-0.164807974,0.009122972,,,,,,,,,,,,,,,,,,,,,,,,,,,,,,,,,2.1,0.182006545,3,1.7,,3,-0.211309094,,,,,,,,,,,,,,,,,,,,,,,,,
288,80,Karnena Koteswara Rao,2024,45,India,Asia,85.08333333,25.58333333,26,1100,1.3675,6,2.465717971,0.620202616,7.3,0-30,13,rice,conventional,CO2,OTCs,1,100,0,0,31.4,4.002612549,3,28.3,2.984257902,3,-0.103946088,0.009122972,,,,,,,,,,,,,,,,,,,,,,,,,,,,,,,,,1.5,0.130004675,3,1.7,,3,0.125163143,,,,,,,,,,,,,,,,,,,,,,,,,
289,80,Karnena Koteswara Rao,2024,45,India,Asia,85.08333333,25.58333333,26,1100,1.3675,6,2.465717971,0.620202616,7.3,0-30,13,rice,conventional,Temp,OTCs,0,0,1,2,31.4,4.002612549,3,26.7,2.815536607,3,-0.162144328,0.009122972,,,,,,,,,,,,,,,,,,,,,,,,,,,,,,,,,1.5,0.130004675,3,1.3,,3,-0.143100844,,,,,,,,,,,,,,,,,,,,,,,,,
290,80,Karnena Koteswara Rao,2024,45,India,Asia,85.08333333,25.58333333,26,1100,1.3675,6,2.465717971,0.620202616,7.3,0-30,13,rice,conventional,CO2,OTCs,1,100,1,2,26.7,3.403495384,3,24,2.530819422,3,-0.106609735,0.009122972,,,,,,,,,,,,,,,,,,,,,,,,,,,,,,,,,1.3,0.112670718,3,1.5,,3,0.143100844,,,,,,,,,,,,,,,,,,,,,,,,,
291,80,Karnena Koteswara Rao,2024,45,India,Asia,85.08333333,25.58333333,26,1100,1.3675,6,2.465717971,0.620202616,7.3,0-30,13,rice,conventional,Temp,OTCs,1,100,1,2,28.3,3.607450163,3,24,2.530819422,3,-0.164807974,0.009122972,,,,,,,,,,,,,,,,,,,,,,,,,,,,,,,,,1.7,0.147338632,3,1.5,,3,-0.125163143,,,,,,,,,,,,,,,,,,,,,,,,,
292,81,G. Huluka,1993,46,United States,North America,-112.0833333,33.1,22,1190,1.506666667,5.333333333,1.95169739,0.477856216,7.36,0-15,1,others,conventional,CO2,FACE,1,180,0,0,,,,,,,,,5,0.174279916,8,5.8,0.173617468,8,0.148420005,0.000263873,,,,,,,,,,,,,,,,,,,,,,,,,3.8,0.01,8,3.4,0.02,8,-0.111225635,5.19E-06,,,,,,,,,,,,,,,,,,,,,,,,
293,82,Narendra K. Lenka,2017,44,India,Asia,77.41666667,23.25,25,1200,1.44,11.33333333,2.153333333,0.596922394,7.96,0-15,1,legumes,rainfed,CO2,OTCs,1,150,0,0,,,,,,,,,,,,,,,,,,,,,,,,,,,,,,,,,,,,,,,,,,,,,,,,,,,,,,,,,2.56098,0.97561,5,4.26829,0.91464,5,0.510823281,0.038208661,12.2,1.4,5,18.4667,0.7333,5,0.414533158,0.002949067
294,82,Narendra K. Lenka,2017,44,India,Asia,77.41666667,23.25,25,1200,1.44,11.33333333,2.153333333,0.596922394,7.96,0-15,1,legumes,rainfed,Temp,OTCs,0,0,1,2,,,,,,,,,,,,,,,,,,,,,,,,,,,,,,,,,,,,,,,,,,,,,,,,,,,,,,,,,2.56098,0.97561,5,6.76829,1.28049,5,0.971858472,0.036183398,12.2,1.4,5,15.8667,2,5,0.262786622,0.005811429
295,82,Narendra K. Lenka,2017,44,India,Asia,77.41666667,23.25,25,1200,1.44,11.33333333,2.153333333,0.596922394,7.96,0-15,1,legumes,rainfed,CO2,OTCs,1,150,1,2,,,,,,,,,,,,,,,,,,,,,,,,,,,,,,,,,,,,,,,,,,,,,,,,,,,,,,,,,6.76829,1.28049,5,5.79268,0.67073,5,-0.155653419,0.00983997,15.8667,2,5,20.1333,0.8,5,0.238152587,0.003493505
296,82,Narendra K. Lenka,2017,44,India,Asia,77.41666667,23.25,25,1200,1.44,11.33333333,2.153333333,0.596922394,7.96,0-15,1,legumes,rainfed,Temp,OTCs,1,150,1,2,,,,,,,,,,,,,,,,,,,,,,,,,,,,,,,,,,,,,,,,,,,,,,,,,,,,,,,,,4.26829,0.91464,5,5.79268,0.67073,5,0.305381773,0.011865232,18.4667,0.7333,5,20.1333,0.8,5,0.086406051,0.000631143
297,84,D. W. Reeves,1994,47,United States,North America,-85.48,32.6,17.796875,401,1.423333333,5,4.205417019,0.453477875,4.7,0-15,1,others,saving,CO2,OTCs,1,357,0,0,,,,,,,,,,,,,,,,,,,,,,,,,,,,,,,,,,,,,,,,,,,,,,,,,,,,,,,,,,,,,,,,,3802,271.2739872,3,4466,274.3777585,3,0.160965909,0.002955126
298,84,D. W. Reeves,1994,47,United States,North America,-85.48,32.6,17.796875,401,1.423333333,5,4.205417019,0.453477875,4.7,0-15,1,legumes,saving,CO2,OTCs,1,357,0,0,,,,,,,,,,,,,,,,,,,,,,,,,,,,,,,,,,,,,,,,,,,,,,,,,,,,,,,,,,,,,,,,,2501,178.4471968,3,3370,207.0427779,3,0.298222092,0.002955126
299,85,Jinlong Dong,2022,48,Austrilia,Australia,145.263,-37.462,,,1.4,38.8,4.121794871,0.302667221,4.02,0-20,1,wheat,conventional,CO2,chamber,1,400,0,0,,,,,,,,,,,,,,,,,,,,,,,,,,,,,,,,,,,,,,,,,1,0.086669783,3,1.16129,,3,0.149531456,,,,,,,,,,253,21.96624944,3,252,20.85459094,3,-0.003960401,0.004795621,,,,,,,,
300,87,Richard F. Tester,1999,49,Scotland,Europe,-3.05,56.45,8,700,0.75,17.56666667,3.337666667,0.538228455,3.8,0-15,1,others,conventional,Temp,chamber,0,0,1,6,,,,,,,,,,,,,,,,,,,,,,,,,,,,,,,,,,,,,,,,,1.245,0.10790388,3,1.348,,3,0.079486483,,,,,,,,,,,,,,,,,,,,,,,,,
301,87,Richard F. Tester,1999,49,Scotland,Europe,-3.05,56.45,8,700,0.75,17.56666667,3.337666667,0.538228455,3.8,0-15,1,others,conventional,Temp,chamber,0,0,1,10,,,,,,,,,,,,,,,,,,,,,,,,,,,,,,,,,,,,,,,,,1.245,0.10790388,3,1.227,,3,-0.014563364,,,,,,,,,,,,,,,,,,,,,,,,,
302,87,Richard F. Tester,1999,49,Scotland,Europe,-3.05,56.45,8,700,0.75,17.56666667,3.337666667,0.538228455,3.8,0-15,1,others,conventional,Temp,chamber,0,0,1,15,,,,,,,,,,,,,,,,,,,,,,,,,,,,,,,,,,,,,,,,,1.245,0.10790388,3,0.902,,3,-0.322276289,,,,,,,,,,,,,,,,,,,,,,,,,
303,88,Peng Zhang,2024,50,China,Asia,104.6166667,35.58333333,6.7,386.6,1.1,10.77,3.919370608,1.01,7.93,0-20,1,wheat,rainfed,Temp,OTCs,0,0,1,0.5,43.4,6.2,3,89.9,3,3,0.7282385,0.007173916,1.02,0.06,3,1.18,0.05,3,0.145711811,0.00175189,,,,,,,,,,,,,,,,,,,,,,,,,,,,,,,,,,,,,,,,,,,,,,,,,,,,,,,,
304,89,Meiling Tang,2018,51,China,Asia,113.3333333,28.55,17.5,1300,1.323333333,27.1,3.944815256,0.74,6.4,0-20,1,rice,conventional,CO2,chamber,1,400,0,0,,,,,,,,,,,,,,,,,,,,,,,,,,,,,,,,,,,,,,,,,3.26744,0.2907,3,3.30233,0.1279,3,0.010621476,0.003138489,1.83721,0.23256,3,2.11628,0.13953,3,0.141411714,0.006790103,12.71232,1.86302,3,16.54795,1.97262,3,0.263690625,0.011895909,,,,,,,,
